Workbook

Sheet Summary
A1: Top Travel Insider: listicle content plan with pillars & clusters (SE Ranking US+UK, Oct 2026)
B3: All posts | C3: Wave 1 | D3: Wave 2 | E3: Wave 3 | F3: Wave 4
A4: Posts | B4: =COUNTIFS('Post Plan'!$A$2:$A$348,">0") -> 347 | C4: =COUNTIFS('Post Plan'!$A$2:$A$348,">0",'Post Plan'!$B$2:$B$348,"Wave 1") -> 100 | D4: =COUNTIFS('Post Plan'!$A$2:$A$348,">0",'Post Plan'!$B$2:$B$348,"Wave 2") -> 100 | E4: =COUNTIFS('Post Plan'!$A$2:$A$348,">0",'Post Plan'!$B$2:$B$348,"Wave 3") -> 100 | F4: =COUNTIFS('Post Plan'!$A$2:$A$348,">0",'Post Plan'!$B$2:$B$348,"Wave 4") -> 47
A5: Food & drink posts | B5: =COUNTIFS('Post Plan'!$E$2:$E$348,"Food & drink") -> 218 | C5: =COUNTIFS('Post Plan'!$E$2:$E$348,"Food & drink",'Post Plan'!$B$2:$B$348,"Wave 1") -> 60 | D5: =COUNTIFS('Post Plan'!$E$2:$E$348,"Food & drink",'Post Plan'!$B$2:$B$348,"Wave 2") -> 62 | E5: =COUNTIFS('Post Plan'!$E$2:$E$348,"Food & drink",'Post Plan'!$B$2:$B$348,"Wave 3") -> 67 | F5: =COUNTIFS('Post Plan'!$E$2:$E$348,"Food & drink",'Post Plan'!$B$2:$B$348,"Wave 4") -> 29
A6: Place posts | B6: =COUNTIFS('Post Plan'!$E$2:$E$348,"Place") -> 129 | C6: =COUNTIFS('Post Plan'!$E$2:$E$348,"Place",'Post Plan'!$B$2:$B$348,"Wave 1") -> 40 | D6: =COUNTIFS('Post Plan'!$E$2:$E$348,"Place",'Post Plan'!$B$2:$B$348,"Wave 2") -> 38 | E6: =COUNTIFS('Post Plan'!$E$2:$E$348,"Place",'Post Plan'!$B$2:$B$348,"Wave 3") -> 33 | F6: =COUNTIFS('Post Plan'!$E$2:$E$348,"Place",'Post Plan'!$B$2:$B$348,"Wave 4") -> 18
A7: Quick wins (KD 10 or under) | B7: =COUNTIFS('Post Plan'!$P$2:$P$348,"Quick win") -> 195 | C7: =COUNTIFS('Post Plan'!$P$2:$P$348,"Quick win",'Post Plan'!$B$2:$B$348,"Wave 1") -> 75 | D7: =COUNTIFS('Post Plan'!$P$2:$P$348,"Quick win",'Post Plan'!$B$2:$B$348,"Wave 2") -> 49 | E7: =COUNTIFS('Post Plan'!$P$2:$P$348,"Quick win",'Post Plan'!$B$2:$B$348,"Wave 3") -> 61 | F7: =COUNTIFS('Post Plan'!$P$2:$P$348,"Quick win",'Post Plan'!$B$2:$B$348,"Wave 4") -> 10
A8: Monthly volume (US+UK) | B8: =SUMIFS('Post Plan'!$M$2:$M$348,'Post Plan'!$A$2:$A$348,">0") -> 172180 | C8: =SUMIFS('Post Plan'!$M$2:$M$348,'Post Plan'!$A$2:$A$348,">0",'Post Plan'!$B$2:$B$348,"Wave 1") -> 91160 | D8: =SUMIFS('Post Plan'!$M$2:$M$348,'Post Plan'!$A$2:$A$348,">0",'Post Plan'!$B$2:$B$348,"Wave 2") -> 47850 | E8: =SUMIFS('Post Plan'!$M$2:$M$348,'Post Plan'!$A$2:$A$348,">0",'Post Plan'!$B$2:$B$348,"Wave 3") -> 23480 | F8: =SUMIFS('Post Plan'!$M$2:$M$348,'Post Plan'!$A$2:$A$348,">0",'Post Plan'!$B$2:$B$348,"Wave 4") -> 9690
A9: Average weighted KD | B9: =AVERAGEIFS('Post Plan'!$N$2:$N$348,'Post Plan'!$A$2:$A$348,">0") -> 10.983573 | C9: =AVERAGEIFS('Post Plan'!$N$2:$N$348,'Post Plan'!$A$2:$A$348,">0",'Post Plan'!$B$2:$B$348,"Wave 1") -> 8.554 | D9: =AVERAGEIFS('Post Plan'!$N$2:$N$348,'Post Plan'!$A$2:$A$348,">0",'Post Plan'!$B$2:$B$348,"Wave 2") -> 10.969 | E9: =AVERAGEIFS('Post Plan'!$N$2:$N$348,'Post Plan'!$A$2:$A$348,">0",'Post Plan'!$B$2:$B$348,"Wave 3") -> 10.907 | F9: =AVERAGEIFS('Post Plan'!$N$2:$N$348,'Post Plan'!$A$2:$A$348,">0",'Post Plan'!$B$2:$B$348,"Wave 4") -> 16.346809
A10: Posts with a data flag | B10: =COUNTIFS('Post Plan'!$U$2:$U$348,"?*") -> 40 | C10: =COUNTIFS('Post Plan'!$U$2:$U$348,"?*",'Post Plan'!$B$2:$B$348,"Wave 1") -> 21 | D10: =COUNTIFS('Post Plan'!$U$2:$U$348,"?*",'Post Plan'!$B$2:$B$348,"Wave 2") -> 7 | E10: =COUNTIFS('Post Plan'!$U$2:$U$348,"?*",'Post Plan'!$B$2:$B$348,"Wave 3") -> 2 | F10: =COUNTIFS('Post Plan'!$U$2:$U$348,"?*",'Post Plan'!$B$2:$B$348,"Wave 4") -> 10
A11: Published | B11: =COUNTIFS('Post Plan'!$V$2:$V$348,"Published") -> 0 | C11: =COUNTIFS('Post Plan'!$V$2:$V$348,"Published",'Post Plan'!$B$2:$B$348,"Wave 1") -> 0 | D11: =COUNTIFS('Post Plan'!$V$2:$V$348,"Published",'Post Plan'!$B$2:$B$348,"Wave 2") -> 0 | E11: =COUNTIFS('Post Plan'!$V$2:$V$348,"Published",'Post Plan'!$B$2:$B$348,"Wave 3") -> 0 | F11: =COUNTIFS('Post Plan'!$V$2:$V$348,"Published",'Post Plan'!$B$2:$B$348,"Wave 4") -> 0
A13: Pillars | B13: =COUNTA('Content Plan (Pillars)'!B2:B68) -> 67
A14: City hubs | B14: =COUNTIF('Content Plan (Pillars)'!C2:C68,"City hub") -> 40
A15: Country hubs | B15: =COUNTIF('Content Plan (Pillars)'!C2:C68,"Country hub") -> 22
A16: Region hubs | B16: =COUNTIF('Content Plan (Pillars)'!C2:C68,"Region hub") -> 5
A17: Built by upgrading an existing post | B17: =COUNTIF('Content Plan (Pillars)'!F2:F68,"Existing*") -> 15
A19: How the plan is structured
A20: Architecture: Region hub > Country hub > City hub > listicle spokes. A place with 3+ spokes gets its own city hub; smaller places roll up to their country hub, or to the region hub if the country has fewer than 3 posts.
A21: Clusters inside each hub: Eat, Drink, Explore nearby (day trips, weekend getaways), See & do, Beaches & islands, Towns, villages & nature. The Cluster Map tab shows every hub's spokes laid out by cluster.
A22: Internal linking: every spoke links up to its hub and across to two siblings (same cluster first). Hubs link down to all spokes and up to their parent hub. The suggested links are in the Post Plan's 'Internal links' column.
A23: Pillar keywords: '[place] travel guide' was measured where possible. Volumes are modest (mostly 100 to 740) because the pillar's job is to concentrate links and topical authority, not to be the main traffic page. Budapest, Prague, Madrid, Nashville and Copenhagen have the best pillar terms.
A24: Existing posts are used as hubs wherever they fit, upgraded rather than rebuilt: the UK post is the parent of the England, Scotland and Wales hubs; the Vietnam post is the parent of Hanoi and Ho Chi Minh City (with Sapa, Hue and Ninh Binh linked under it); the Japan post is the parent of Tokyo, Osaka and Kyoto; USA, Thailand, Portugal and Peru head their country hubs; Edinburgh, London, Tokyo, NYC, Chicago, Amsterdam, Barcelona and Athens are city hubs.
A25: Waves: Wave 1 is ranks 1 to 100, Wave 2 is 101 to 200, Wave 3 is 201 to 300, Wave 4 is the rest. Within a wave, publish spokes for the same hub close together so the hub can go live with links in place.
A26: Scoring is unchanged: only market-keyword rows at KD 40 or under count, Weighted KD is volume-weighted, Winnability = Total volume / (KD + 10), scaled by 0.25 above KD 35 or for cross-market KD mismatches.
A27: Grouping is by topic and place, not by SERP overlap. Before writing pairs that sit close together (e.g. 'Places to Eat' vs 'Foods to Try', or 'Bars' vs 'Rooftop Bars' in the same city), spot-check the SERPs; if the same URLs rank for both, merge them.
A28: Yellow columns are blank for you to fill in (status, writer, dates, URLs). Hub and summary progress counts update automatically from the Status column.

Sheet Batch 1 Briefs
A1: Plan rank | B1: Post title | C1: Suggested slug | D1: Primary keyword | E1: Volume (US+UK) | F1: KD | G1: Hub | H1: Cluster | I1: Search intent | J1: 10 items (verify before writing) | K1: Reserves | L1: Candidate FAQs (confirm vs People Also Ask) | M1: Internal links | N1: Target words | O1: In-article photos | P1: Practical boxes | Q1: FAQs | R1: Writer | S1: Draft due | T1: Facts checked | U1: Photos sourced | V1: Rendered (tti_render.py) | W1: Published URL
A2: 1 | B2: Top 10 Day Trips from Edinburgh | C2: /top-10-day-trips-from-edinburgh/ | D2: day trips from edinburgh | E2: 2210 | F2: 6.3 | G2: Edinburgh | H2: Explore nearby | I2: Planning which places to visit on a one-day return trip from Edinburgh by train, bus, tour or car. | J2: Stirling (castle, Wallace Monument); St Andrews; Loch Lomond & the Trossachs; Falkirk Wheel & The Kelpies; Linlithgow Palace; North Berwick & Tantallon Castle; Rosslyn Chapel & Roslin Glen; Culross & Dunfermline; Melrose & the Scottish Borders abbeys; Glencoe (long day, usually by tour) | K2: Pentland Hills; Glasgow (link to Glasgow hub instead); Loch Ness (long tour day, very common search) | L2: Can you do Loch Ness as a day trip from Edinburgh? | Is Stirling worth a day trip from Edinburgh? | Do you need a car for day trips from Edinburgh? | What is the best day trip from Edinburgh by train? | Can you visit the Highlands in a day from Edinburgh? | Is St Andrews or Stirling better for a day trip? | M2: Edinburgh hub (existing Edinburgh post); https://toptravelinsider.com/top-10-castles-to-visit-in-the-uk-travel-guide/; https://toptravelinsider.com/top-10-historic-places-in-the-uk/; https://toptravelinsider.com/top-10-hidden-gems-in-the-uk/ | N2: 2,500 to 3,000 | O2: 10 | P2: 10 | Q2: 5 to 6 | R2: Claude (draft 1) | T2: Partly | U2: No | V2: No
A3: 2 | B3: Top 10 Places to Eat in Copenhagen | C3: /top-10-places-to-eat-in-copenhagen/ | D3: where to eat in copenhagen | E3: 2210 | F3: 7.8 | G3: Copenhagen | H3: Eat | I3: Choosing where to eat in Copenhagen across budgets: smørrebrød, bakeries, food halls, New Nordic and fine dining. | J3: Torvehallerne food market; Reffen street food (seasonal, check opening); Schønnemann (smørrebrød); Aamanns (smørrebrød); Hart Bageri (bakery); Bæst (pizza, Nørrebro); Kødbyens Fiskebar (Meatpacking District); Barr; Hija de Sanchez (tacos); One fine-dining pick (Alchemist or similar) | K3: Admiralgade 26; Mirabelle; Lille Bakery. Confirm every venue is still trading and its booking policy before writing. | L3: What food is Copenhagen famous for? | Is eating out in Copenhagen expensive? | Do you need to book restaurants in Copenhagen? | Do you tip in Copenhagen? | Where can you eat cheaply in Copenhagen? | What is smørrebrød? | M3: Copenhagen hub (new); Cafes in Copenhagen (#11); Bars in Copenhagen (#18) | N3: 2,500 to 3,000 | O3: 10 | P3: 10 | Q3: 5 to 6 | R3: Claude (draft 1) | T3: No | U3: No | V3: No
A4: 3 | B4: Top 10 Day Trips from Tokyo | C4: /top-10-day-trips-from-tokyo/ | D4: day trips from tokyo | E4: 1630 | F4: 5.9 | G4: Tokyo | H4: Explore nearby | I4: Picking easy one-day trips from Tokyo by train, with how long each takes and whether a pass is worth it. | J4: Kamakura; Hakone; Mount Fuji Five Lakes (Kawaguchiko); Nikko; Yokohama; Kawagoe; Enoshima; Mount Takao; Chichibu; Karuizawa | K4: Kusatsu Onsen (long day); Mito (Kairakuen, seasonal); Sawara | L4: What is the easiest day trip from Tokyo? | Can you see Mount Fuji on a day trip from Tokyo? | Is the JR Pass worth it for day trips from Tokyo? | Is Hakone or Nikko better for a day trip? | How do you get to Kamakura from Tokyo? | Can you do Kyoto as a day trip from Tokyo? | M4: Tokyo hub (existing Tokyo post); Japan hub (existing Japan post); Day Trips from Osaka (#9) | N4: 2,500 to 3,000 | O4: 10 | P4: 10 | Q4: 5 to 6 | R4: Claude (draft 1) | T4: No | U4: No | V4: No
A5: 4 | B5: Top 10 Day Trips from Lisbon | C5: /top-10-day-trips-from-lisbon/ | D5: day trips from lisbon | E5: 1400 | F5: 6 | G5: Lisbon | H5: Explore nearby | I5: Choosing day trips from Lisbon (palaces, beaches, historic towns) and how to reach them without a car. | J5: Sintra; Cascais & Estoril; Évora; Óbidos; Arrábida Natural Park & Setúbal; Nazaré; Tomar; Coimbra; Ericeira; Fátima, Batalha & Alcobaça loop | K5: Cabo da Roca (combine with Sintra); Comporta; Costa da Caparica | L5: Is Sintra worth a day trip from Lisbon? | Can you do Sintra and Cascais in one day? | How do you get from Lisbon to Sintra by train? | Is Porto too far for a day trip from Lisbon? | What is the best beach day trip from Lisbon? | Do you need a car for day trips from Lisbon? | M5: Lisbon hub (new: or the live 'things to do in Lisbon' post if it exists); Places to Eat in Lisbon (#6); Portugal hub (existing Portugal post) | N5: 2,500 to 3,000 | O5: 10 | P5: 10 | Q5: 5 to 6 | R5: Claude (draft 1) | T5: No | U5: No | V5: No
A6: 6 | B6: Top 10 Places to Eat in Lisbon | C6: /top-10-places-to-eat-in-lisbon/ | D6: where to eat in lisbon | E6: 1240 | F6: 6.2 | G6: Lisbon | H6: Eat | I6: Finding the best places to eat in Lisbon by neighbourhood and budget, including pastéis de nata and seafood. | J6: Time Out Market (Mercado da Ribeira); Cervejaria Ramiro (seafood); Pastéis de Belém; Manteigaria (pastéis de nata); Taberna da Rua das Flores; Zé da Mouraria; O Velho Eurico; A Cevicheria; Prado; Sol e Pesca (tinned fish) | K6: Café de São Bento (steak); Belcanto (fine dining); a tasca in Alfama. Verify each is open and how bookings work. | L6: What food is Lisbon famous for? | Where can you get the best pastel de nata in Lisbon? | Is Time Out Market worth it? | Do you need to book restaurants in Lisbon? | Is eating out in Lisbon cheap? | What is a tasca? | M6: Lisbon hub; Day Trips from Lisbon (#4); Portugal hub (existing Portugal post) | N6: 2,500 to 3,000 | O6: 10 | P6: 10 | Q6: 5 to 6 | R6: Claude (draft 1) | T6: No | U6: No | V6: No
A7: 7 | B7: Top 10 Day Trips from London | C7: /top-10-day-trips-from-london/ | D7: best day trips from london | E7: 1330 | F7: 7.4 | G7: London | H7: Explore nearby | I7: Choosing day trips from London by train, with what each place suits and how long to allow. | J7: Oxford; Cambridge; Bath; Windsor; Stonehenge (with Salisbury); Brighton; Canterbury; Seven Sisters & Beachy Head; The Cotswolds; Rye | K7: Whitstable; Leeds Castle; Winchester | L7: What is the best day trip from London by train? | Can you do Stonehenge and Bath in one day from London? | Is Oxford or Cambridge better for a day trip? | Can you visit the Cotswolds in a day without a car? | How far is Brighton from London by train? | Are day tours from London worth it? | M7: London hub (existing London post); https://toptravelinsider.com/top-10-weekend-getaways-uk/; https://toptravelinsider.com/top-10-castles-to-visit-in-the-uk-travel-guide/; https://toptravelinsider.com/top-10-historic-places-in-the-uk/ | N7: 2,500 to 3,000 | O7: 10 | P7: 10 | Q7: 5 to 6 | R7: Claude (draft 1) | T7: No | U7: No | V7: No
A8: 15 | B8: Top 10 Day Trips from Amsterdam | C8: /top-10-day-trips-from-amsterdam/ | D8: best day trips from amsterdam | E8: 1070 | F8: 6 | G8: Amsterdam | H8: Explore nearby | I8: Planning day trips from Amsterdam: windmills, canal towns, Dutch cities and seasonal tulips. | J8: Zaanse Schans; Haarlem; Utrecht; Giethoorn; Volendam & Marken; Edam; Delft; The Hague; Rotterdam; Keukenhof (spring only) or Kinderdijk | K8: Leiden; Alkmaar cheese market (seasonal); Muiderslot | L8: What is the best day trip from Amsterdam? | Is Giethoorn worth a day trip from Amsterdam? | Can you do Zaanse Schans, Volendam and Edam in one day? | When is Keukenhof open? | How do you get to Haarlem from Amsterdam? | Is Rotterdam worth a day trip? | M8: Amsterdam hub (existing Amsterdam post); Europe hub | N8: 2,500 to 3,000 | O8: 10 | P8: 10 | Q8: 5 to 6 | R8: Claude (draft 1) | T8: No | U8: No | V8: No
A9: 16 | B9: Top 10 Places to Eat in Budapest | C9: /top-10-places-to-eat-in-budapest/ | D9: best food in budapest | E9: 1190 | F9: 7.8 | G9: Budapest | H9: Eat | I9: Finding where to eat in Budapest: Hungarian classics, market food, ruin-bar area street food and cafés. | J9: Great Market Hall (Központi Vásárcsarnok); Karaván street food; Gettó Gulyás; Frici Papa; Hungarikum Bisztró; Mazel Tov; Borkonyha; Stand; Bors GasztroBár; New York Café or Gerbeaud (café stop) | K9: Szimpla Sunday farmers' market; Kispiac; a lángos stall. Verify every venue is still trading. | L9: What food is Budapest famous for? | Is eating out in Budapest cheap? | Do you tip in Budapest restaurants? | What is lángos? | Is the Great Market Hall worth visiting? | Where to eat goulash in Budapest? | M9: Budapest hub (new); Bars in Budapest; Cafes in Budapest | N9: 2,500 to 3,000 | O9: 10 | P9: 10 | Q9: 5 to 6 | R9: Claude (draft 1) | T9: No | U9: No | V9: No
A10: 17 | B10: Top 10 Places to Eat in Osaka | C10: /top-10-places-to-eat-in-osaka/ | D10: best food in osaka | E10: 1110 | F10: 6.9 | G10: Osaka | H10: Eat | I10: Finding the best places to eat in Osaka, from street food in Dotonbori to markets and okonomiyaki. | J10: Dotonbori street food; Kuromon Ichiba Market; Shinsekai kushikatsu; Mizuno (okonomiyaki); Hozenji Yokocho; Ura Namba izakayas; Tenjinbashisuji shopping street; Wanaka (takoyaki); Harukoma (sushi); Endo Sushi (Central Fish Market) | K10: Fukushima izakaya area; Rikuro's cheesecake; Kiji (okonomiyaki). Verify opening days and queue norms. | L10: What food is Osaka famous for? | Is Osaka the food capital of Japan? | Where to eat takoyaki in Osaka? | Is Kuromon Market worth it? | Do you need reservations in Osaka? | Is eating out in Osaka cheap? | M10: Osaka hub (new); Japan hub (existing Japan post); Day Trips from Osaka (#9) | N10: 2,500 to 3,000 | O10: 10 | P10: 10 | Q10: 5 to 6 | R10: Claude (draft 1) | T10: No | U10: No | V10: No
A11: 27 | B11: Top 10 Beer Halls & Beer Gardens in Munich | C11: /top-10-beer-halls-beer-gardens-in-munich/ | D11: best beer halls in munich | E11: 1140 | F11: 9.7 | G11: Munich | H11: Drink | I11: Choosing which Munich beer halls and beer gardens to visit, what to order and how they work. | J11: Hofbräuhaus; Augustiner-Keller; Augustiner Bräustuben; Chinesischer Turm (English Garden); Hirschgarten; Löwenbräukeller; Paulaner am Nockherberg; Viktualienmarkt beer garden; Seehaus (English Garden); Weisses Bräuhaus (Schneider) | K11: Andechs Monastery (day trip); Aumeister; Taxisgarten | L11: What is the most famous beer hall in Munich? | Can you bring your own food to Munich beer gardens? | When are Munich beer gardens open? | What is the difference between a beer hall and a beer garden? | Is Hofbräuhaus worth visiting? | What beer should you order in Munich? | M11: Munich hub (new); Bars in Munich; Day Trips from Munich | N11: 2,500 to 3,000 | O11: 10 | P11: 10 | Q11: 5 to 6 | R11: Claude (draft 1) | T11: No | U11: No | V11: No

Sheet Content Standards
A1: Post standard for new Top Travel Insider listicles (from the content review)
A3: Why it changed | B3: The first 20 new posts ran 1,369 to 1,682 words (median 1,423) with only a featured image, against a median of 4,312 words and 4 to 10 images on the older posts. Pages ranking for these searches typically run 2,500 to 4,000 words with a photo per item and practical detail.
A4: Target length | B4: 2,500 to 3,000 useful words. Template minimum raised from 1,200 to 2,000. Word count isn't a ranking factor in itself; completeness is.
A5: Per item (x10) | B5: H2 + 250 to 350 words + one photo + practical box: How to get there / How long to spend / Best time of day / One specific tip.
A6: Photos | B6: Featured image plus 4 to 10 in-article (aim for one per item). Free Unsplash, alt text and credits, checked the same way as featured images. Needs the tti_render.py and images.py extension plus a BLOG_TEMPLATE.md update.
A7: Supporting sections | B7: Suggested plan for 1, 2 or 3 days; where to stay by area; getting around; budget in tiers (shoestring / mid-range / comfortable), never exact prices.
A8: FAQs | B8: 5 or 6 per post (up from 3), taken from questions people actually search: confirm against Google's People Also Ask for the primary keyword.
A9: Fact checking | B9: Transport times, opening seasons, booking rules, venue status and site rules (e.g. Benagil, Blue Eye) checked against official sources. If it can't be confirmed, leave it out rather than guess.
A10: House rules | B10: No em or en dashes. UK spelling. No made-up first-hand stories. Schema as per the template.
A11: Workflow | B11: Every change goes into the Markdown files, then through tti_render.py, then onto the live posts. The same applies to fixing the 20 existing thin posts.
A12: Internal linking | B12: Each post links up to its hub, across to two siblings and to relevant live posts. The hubs link down to every spoke once live. See the Post Plan 'Internal links' column.
A13: Hub upgrades | B13: Existing posts acting as hubs (UK, Vietnam, Japan, USA, Thailand, Portugal, Peru, Edinburgh, London, Tokyo, NYC, Chicago, Amsterdam, Barcelona, Athens) get a short section per cluster linking to the spokes as they publish.

Sheet Content Plan (Pillars)
A1: Pillar rank | B1: Pillar (hub) | C1: Hub type | D1: Region | E1: Parent hub | F1: Pillar status | G1: Suggested pillar title | H1: Pillar keyword | I1: Pillar kw volume (US+UK) | J1: Pillar kw KD | K1: Direct spokes | L1: Eat | M1: Drink | N1: Explore nearby | O1: See & do | P1: Beaches & islands | Q1: Towns, villages & nature | R1: Spoke volume | S1: Spoke winnability | T1: Wave 1 spokes | U1: First spoke rank | V1: Build note | W1: Pillar URL | X1: Owner | Y1: Pillar status (progress) | Z1: Publish date | AA1: Spokes published | AB1: Notes
A2: 1 | B2: England | C2: Country hub | D2: UK | E2: UK | F2: New pillar to create | G2: England Travel Guide: Where to Eat, Drink and Explore | H2: england travel guide | K2: =COUNTIF('Post Plan'!$I$2:$I$348,B2) -> 16 | L2: =COUNTIFS('Post Plan'!$I$2:$I$348,$B2,'Post Plan'!$J$2:$J$348,"Eat") -> 3 | M2: =COUNTIFS('Post Plan'!$I$2:$I$348,$B2,'Post Plan'!$J$2:$J$348,"Drink") -> 2 | N2: =COUNTIFS('Post Plan'!$I$2:$I$348,$B2,'Post Plan'!$J$2:$J$348,"Explore nearby") -> 5 | O2: =COUNTIFS('Post Plan'!$I$2:$I$348,$B2,'Post Plan'!$J$2:$J$348,"See & do") -> 0 | P2: =COUNTIFS('Post Plan'!$I$2:$I$348,$B2,'Post Plan'!$J$2:$J$348,"Beaches & islands") -> 2 | Q2: =COUNTIFS('Post Plan'!$I$2:$I$348,$B2,'Post Plan'!$J$2:$J$348,"Towns, villages & nature") -> 4 | R2: =SUMIF('Post Plan'!$I$2:$I$348,B2,'Post Plan'!$M$2:$M$348) -> 7080 | S2: =SUMIF('Post Plan'!$I$2:$I$348,B2,'Post Plan'!$O$2:$O$348) -> 373.71969 | T2: =COUNTIFS('Post Plan'!$I$2:$I$348,B2,'Post Plan'!$B$2:$B$348,"Wave 1") -> 4 | U2: 53 | V2: Publish after its first 3 to 5 spokes so it launches with links to live content. Links down to child hubs: London. | Y2: Not started | AA2: =COUNTIFS('Post Plan'!$I$2:$I$348,B2,'Post Plan'!$V$2:$V$348,"Published") -> 0
A3: 2 | B3: Spain | C3: Country hub | D3: Europe | E3: Europe | F3: New pillar to create | G3: Spain Travel Guide: Where to Eat, Drink and Explore | H3: spain travel guide | K3: =COUNTIF('Post Plan'!$I$2:$I$348,B3) -> 14 | L3: =COUNTIFS('Post Plan'!$I$2:$I$348,$B3,'Post Plan'!$J$2:$J$348,"Eat") -> 5 | M3: =COUNTIFS('Post Plan'!$I$2:$I$348,$B3,'Post Plan'!$J$2:$J$348,"Drink") -> 1 | N3: =COUNTIFS('Post Plan'!$I$2:$I$348,$B3,'Post Plan'!$J$2:$J$348,"Explore nearby") -> 2 | O3: =COUNTIFS('Post Plan'!$I$2:$I$348,$B3,'Post Plan'!$J$2:$J$348,"See & do") -> 1 | P3: =COUNTIFS('Post Plan'!$I$2:$I$348,$B3,'Post Plan'!$J$2:$J$348,"Beaches & islands") -> 4 | Q3: =COUNTIFS('Post Plan'!$I$2:$I$348,$B3,'Post Plan'!$J$2:$J$348,"Towns, villages & nature") -> 1 | R3: =SUMIF('Post Plan'!$I$2:$I$348,B3,'Post Plan'!$M$2:$M$348) -> 5760 | S3: =SUMIF('Post Plan'!$I$2:$I$348,B3,'Post Plan'!$O$2:$O$348) -> 332.08914 | T3: =COUNTIFS('Post Plan'!$I$2:$I$348,B3,'Post Plan'!$B$2:$B$348,"Wave 1") -> 4 | U3: 21 | V3: Publish after its first 3 to 5 spokes so it launches with links to live content. Links down to child hubs: Barcelona, Madrid. | Y3: Not started | AA3: =COUNTIFS('Post Plan'!$I$2:$I$348,B3,'Post Plan'!$V$2:$V$348,"Published") -> 0
A4: 3 | B4: Europe | C4: Region hub | D4: Europe | E4: Home / Destinations | F4: New pillar to create | G4: Europe Travel Guide: Best Places to Eat, Drink and Explore | H4: europe travel guide | K4: =COUNTIF('Post Plan'!$I$2:$I$348,B4) -> 11 | L4: =COUNTIFS('Post Plan'!$I$2:$I$348,$B4,'Post Plan'!$J$2:$J$348,"Eat") -> 1 | M4: =COUNTIFS('Post Plan'!$I$2:$I$348,$B4,'Post Plan'!$J$2:$J$348,"Drink") -> 0 | N4: =COUNTIFS('Post Plan'!$I$2:$I$348,$B4,'Post Plan'!$J$2:$J$348,"Explore nearby") -> 3 | O4: =COUNTIFS('Post Plan'!$I$2:$I$348,$B4,'Post Plan'!$J$2:$J$348,"See & do") -> 1 | P4: =COUNTIFS('Post Plan'!$I$2:$I$348,$B4,'Post Plan'!$J$2:$J$348,"Beaches & islands") -> 5 | Q4: =COUNTIFS('Post Plan'!$I$2:$I$348,$B4,'Post Plan'!$J$2:$J$348,"Towns, villages & nature") -> 1 | R4: =SUMIF('Post Plan'!$I$2:$I$348,B4,'Post Plan'!$M$2:$M$348) -> 5820 | S4: =SUMIF('Post Plan'!$I$2:$I$348,B4,'Post Plan'!$O$2:$O$348) -> 308.60502 | T4: =COUNTIFS('Post Plan'!$I$2:$I$348,B4,'Post Plan'!$B$2:$B$348,"Wave 1") -> 4 | U4: 23 | V4: Publish after its first 3 to 5 spokes so it launches with links to live content. Links down to child hubs: Amsterdam, Berlin, Budapest, Copenhagen, Croatia, France, Greece, Ireland, Istanbul, Italy, Krakow, Munich, Portugal, Prague, Spain, Switzerland, Vienna. | Y4: Not started | AA4: =COUNTIFS('Post Plan'!$I$2:$I$348,B4,'Post Plan'!$V$2:$V$348,"Published") -> 0
A5: 4 | B5: USA | C5: Country hub | D5: North America | E5: North America | F5: Existing USA post | G5: USA Travel Guide: Where to Eat, Drink and Explore | H5: usa travel guide | K5: =COUNTIF('Post Plan'!$I$2:$I$348,B5) -> 13 | L5: =COUNTIFS('Post Plan'!$I$2:$I$348,$B5,'Post Plan'!$J$2:$J$348,"Eat") -> 6 | M5: =COUNTIFS('Post Plan'!$I$2:$I$348,$B5,'Post Plan'!$J$2:$J$348,"Drink") -> 3 | N5: =COUNTIFS('Post Plan'!$I$2:$I$348,$B5,'Post Plan'!$J$2:$J$348,"Explore nearby") -> 2 | O5: =COUNTIFS('Post Plan'!$I$2:$I$348,$B5,'Post Plan'!$J$2:$J$348,"See & do") -> 0 | P5: =COUNTIFS('Post Plan'!$I$2:$I$348,$B5,'Post Plan'!$J$2:$J$348,"Beaches & islands") -> 1 | Q5: =COUNTIFS('Post Plan'!$I$2:$I$348,$B5,'Post Plan'!$J$2:$J$348,"Towns, villages & nature") -> 1 | R5: =SUMIF('Post Plan'!$I$2:$I$348,B5,'Post Plan'!$M$2:$M$348) -> 7860 | S5: =SUMIF('Post Plan'!$I$2:$I$348,B5,'Post Plan'!$O$2:$O$348) -> 304.28813 | T5: =COUNTIFS('Post Plan'!$I$2:$I$348,B5,'Post Plan'!$B$2:$B$348,"Wave 1") -> 2 | U5: 66 | V5: Upgrade the existing post into a hub: add a section per cluster linking to each spoke. Links down to child hubs: Austin, Charleston, Chicago, Miami, Nashville, New Orleans, New York, San Francisco, Savannah. | Y5: Not started | AA5: =COUNTIFS('Post Plan'!$I$2:$I$348,B5,'Post Plan'!$V$2:$V$348,"Published") -> 0
A6: 5 | B6: Copenhagen | C6: City hub | D6: Europe | E6: Europe | F6: New pillar to create | G6: Copenhagen Travel Guide: Where to Eat, Drink and Explore | H6: copenhagen travel guide | I6: 370 | J6: 18.7 | K6: =COUNTIF('Post Plan'!$I$2:$I$348,B6) -> 4 | L6: =COUNTIFS('Post Plan'!$I$2:$I$348,$B6,'Post Plan'!$J$2:$J$348,"Eat") -> 2 | M6: =COUNTIFS('Post Plan'!$I$2:$I$348,$B6,'Post Plan'!$J$2:$J$348,"Drink") -> 1 | N6: =COUNTIFS('Post Plan'!$I$2:$I$348,$B6,'Post Plan'!$J$2:$J$348,"Explore nearby") -> 1 | O6: =COUNTIFS('Post Plan'!$I$2:$I$348,$B6,'Post Plan'!$J$2:$J$348,"See & do") -> 0 | P6: =COUNTIFS('Post Plan'!$I$2:$I$348,$B6,'Post Plan'!$J$2:$J$348,"Beaches & islands") -> 0 | Q6: =COUNTIFS('Post Plan'!$I$2:$I$348,$B6,'Post Plan'!$J$2:$J$348,"Towns, villages & nature") -> 0 | R6: =SUMIF('Post Plan'!$I$2:$I$348,B6,'Post Plan'!$M$2:$M$348) -> 4870 | S6: =SUMIF('Post Plan'!$I$2:$I$348,B6,'Post Plan'!$O$2:$O$348) -> 299.63782 | T6: =COUNTIFS('Post Plan'!$I$2:$I$348,B6,'Post Plan'!$B$2:$B$348,"Wave 1") -> 4 | U6: 2 | V6: Publish after its first 3 to 5 spokes so it launches with links to live content. | Y6: Not started | AA6: =COUNTIFS('Post Plan'!$I$2:$I$348,B6,'Post Plan'!$V$2:$V$348,"Published") -> 0
A7: 6 | B7: Lisbon | C7: City hub | D7: Europe | E7: Portugal | F7: New pillar to create | G7: Lisbon Travel Guide: Where to Eat, Drink and Explore | H7: lisbon travel guide | I7: 210 | J7: 16 | K7: =COUNTIF('Post Plan'!$I$2:$I$348,B7) -> 9 | L7: =COUNTIFS('Post Plan'!$I$2:$I$348,$B7,'Post Plan'!$J$2:$J$348,"Eat") -> 5 | M7: =COUNTIFS('Post Plan'!$I$2:$I$348,$B7,'Post Plan'!$J$2:$J$348,"Drink") -> 3 | N7: =COUNTIFS('Post Plan'!$I$2:$I$348,$B7,'Post Plan'!$J$2:$J$348,"Explore nearby") -> 1 | O7: =COUNTIFS('Post Plan'!$I$2:$I$348,$B7,'Post Plan'!$J$2:$J$348,"See & do") -> 0 | P7: =COUNTIFS('Post Plan'!$I$2:$I$348,$B7,'Post Plan'!$J$2:$J$348,"Beaches & islands") -> 0 | Q7: =COUNTIFS('Post Plan'!$I$2:$I$348,$B7,'Post Plan'!$J$2:$J$348,"Towns, villages & nature") -> 0 | R7: =SUMIF('Post Plan'!$I$2:$I$348,B7,'Post Plan'!$M$2:$M$348) -> 4950 | S7: =SUMIF('Post Plan'!$I$2:$I$348,B7,'Post Plan'!$O$2:$O$348) -> 290.03741 | T7: =COUNTIFS('Post Plan'!$I$2:$I$348,B7,'Post Plan'!$B$2:$B$348,"Wave 1") -> 3 | U7: 4 | V7: Publish after its first 3 to 5 spokes so it launches with links to live content. | Y7: Not started | AA7: =COUNTIFS('Post Plan'!$I$2:$I$348,B7,'Post Plan'!$V$2:$V$348,"Published") -> 0
A8: 7 | B8: Paris | C8: City hub | D8: Europe | E8: France | F8: New pillar to create | G8: Paris Travel Guide: Where to Eat, Drink and Explore | H8: paris travel guide | I8: 310 | J8: 35.5 | K8: =COUNTIF('Post Plan'!$I$2:$I$348,B8) -> 8 | L8: =COUNTIFS('Post Plan'!$I$2:$I$348,$B8,'Post Plan'!$J$2:$J$348,"Eat") -> 4 | M8: =COUNTIFS('Post Plan'!$I$2:$I$348,$B8,'Post Plan'!$J$2:$J$348,"Drink") -> 2 | N8: =COUNTIFS('Post Plan'!$I$2:$I$348,$B8,'Post Plan'!$J$2:$J$348,"Explore nearby") -> 1 | O8: =COUNTIFS('Post Plan'!$I$2:$I$348,$B8,'Post Plan'!$J$2:$J$348,"See & do") -> 1 | P8: =COUNTIFS('Post Plan'!$I$2:$I$348,$B8,'Post Plan'!$J$2:$J$348,"Beaches & islands") -> 0 | Q8: =COUNTIFS('Post Plan'!$I$2:$I$348,$B8,'Post Plan'!$J$2:$J$348,"Towns, villages & nature") -> 0 | R8: =SUMIF('Post Plan'!$I$2:$I$348,B8,'Post Plan'!$M$2:$M$348) -> 5420 | S8: =SUMIF('Post Plan'!$I$2:$I$348,B8,'Post Plan'!$O$2:$O$348) -> 285.72328 | T8: =COUNTIFS('Post Plan'!$I$2:$I$348,B8,'Post Plan'!$B$2:$B$348,"Wave 1") -> 5 | U8: 24 | V8: Publish after its first 3 to 5 spokes so it launches with links to live content. | Y8: Not started | AA8: =COUNTIFS('Post Plan'!$I$2:$I$348,B8,'Post Plan'!$V$2:$V$348,"Published") -> 0
A9: 8 | B9: Rome | C9: City hub | D9: Europe | E9: Italy | F9: New pillar to create | G9: Rome Travel Guide: Where to Eat, Drink and Explore | H9: rome travel guide | I9: 260 | J9: 24 | K9: =COUNTIF('Post Plan'!$I$2:$I$348,B9) -> 8 | L9: =COUNTIFS('Post Plan'!$I$2:$I$348,$B9,'Post Plan'!$J$2:$J$348,"Eat") -> 4 | M9: =COUNTIFS('Post Plan'!$I$2:$I$348,$B9,'Post Plan'!$J$2:$J$348,"Drink") -> 3 | N9: =COUNTIFS('Post Plan'!$I$2:$I$348,$B9,'Post Plan'!$J$2:$J$348,"Explore nearby") -> 0 | O9: =COUNTIFS('Post Plan'!$I$2:$I$348,$B9,'Post Plan'!$J$2:$J$348,"See & do") -> 1 | P9: =COUNTIFS('Post Plan'!$I$2:$I$348,$B9,'Post Plan'!$J$2:$J$348,"Beaches & islands") -> 0 | Q9: =COUNTIFS('Post Plan'!$I$2:$I$348,$B9,'Post Plan'!$J$2:$J$348,"Towns, villages & nature") -> 0 | R9: =SUMIF('Post Plan'!$I$2:$I$348,B9,'Post Plan'!$M$2:$M$348) -> 4630 | S9: =SUMIF('Post Plan'!$I$2:$I$348,B9,'Post Plan'!$O$2:$O$348) -> 276.29678 | T9: =COUNTIFS('Post Plan'!$I$2:$I$348,B9,'Post Plan'!$B$2:$B$348,"Wave 1") -> 5 | U9: 14 | V9: Publish after its first 3 to 5 spokes so it launches with links to live content. | Y9: Not started | AA9: =COUNTIFS('Post Plan'!$I$2:$I$348,B9,'Post Plan'!$V$2:$V$348,"Published") -> 0
A10: 9 | B10: Prague | C10: City hub | D10: Europe | E10: Europe | F10: New pillar to create | G10: Prague Travel Guide: Where to Eat, Drink and Explore | H10: prague travel guide | I10: 740 | J10: 34.2 | K10: =COUNTIF('Post Plan'!$I$2:$I$348,B10) -> 7 | L10: =COUNTIFS('Post Plan'!$I$2:$I$348,$B10,'Post Plan'!$J$2:$J$348,"Eat") -> 4 | M10: =COUNTIFS('Post Plan'!$I$2:$I$348,$B10,'Post Plan'!$J$2:$J$348,"Drink") -> 2 | N10: =COUNTIFS('Post Plan'!$I$2:$I$348,$B10,'Post Plan'!$J$2:$J$348,"Explore nearby") -> 1 | O10: =COUNTIFS('Post Plan'!$I$2:$I$348,$B10,'Post Plan'!$J$2:$J$348,"See & do") -> 0 | P10: =COUNTIFS('Post Plan'!$I$2:$I$348,$B10,'Post Plan'!$J$2:$J$348,"Beaches & islands") -> 0 | Q10: =COUNTIFS('Post Plan'!$I$2:$I$348,$B10,'Post Plan'!$J$2:$J$348,"Towns, villages & nature") -> 0 | R10: =SUMIF('Post Plan'!$I$2:$I$348,B10,'Post Plan'!$M$2:$M$348) -> 5160 | S10: =SUMIF('Post Plan'!$I$2:$I$348,B10,'Post Plan'!$O$2:$O$348) -> 266.59664 | T10: =COUNTIFS('Post Plan'!$I$2:$I$348,B10,'Post Plan'!$B$2:$B$348,"Wave 1") -> 5 | U10: 10 | V10: Publish after its first 3 to 5 spokes so it launches with links to live content. | Y10: Not started | AA10: =COUNTIFS('Post Plan'!$I$2:$I$348,B10,'Post Plan'!$V$2:$V$348,"Published") -> 0
A11: 10 | B11: Madrid | C11: City hub | D11: Europe | E11: Spain | F11: New pillar to create | G11: Madrid Travel Guide: Where to Eat, Drink and Explore | H11: madrid travel guide | I11: 590 | J11: 21.3 | K11: =COUNTIF('Post Plan'!$I$2:$I$348,B11) -> 6 | L11: =COUNTIFS('Post Plan'!$I$2:$I$348,$B11,'Post Plan'!$J$2:$J$348,"Eat") -> 3 | M11: =COUNTIFS('Post Plan'!$I$2:$I$348,$B11,'Post Plan'!$J$2:$J$348,"Drink") -> 2 | N11: =COUNTIFS('Post Plan'!$I$2:$I$348,$B11,'Post Plan'!$J$2:$J$348,"Explore nearby") -> 1 | O11: =COUNTIFS('Post Plan'!$I$2:$I$348,$B11,'Post Plan'!$J$2:$J$348,"See & do") -> 0 | P11: =COUNTIFS('Post Plan'!$I$2:$I$348,$B11,'Post Plan'!$J$2:$J$348,"Beaches & islands") -> 0 | Q11: =COUNTIFS('Post Plan'!$I$2:$I$348,$B11,'Post Plan'!$J$2:$J$348,"Towns, villages & nature") -> 0 | R11: =SUMIF('Post Plan'!$I$2:$I$348,B11,'Post Plan'!$M$2:$M$348) -> 4870 | S11: =SUMIF('Post Plan'!$I$2:$I$348,B11,'Post Plan'!$O$2:$O$348) -> 242.05915 | T11: =COUNTIFS('Post Plan'!$I$2:$I$348,B11,'Post Plan'!$B$2:$B$348,"Wave 1") -> 3 | U11: 13 | V11: Publish after its first 3 to 5 spokes so it launches with links to live content. | Y11: Not started | AA11: =COUNTIFS('Post Plan'!$I$2:$I$348,B11,'Post Plan'!$V$2:$V$348,"Published") -> 0
A12: 11 | B12: Edinburgh | C12: City hub | D12: UK | E12: Scotland | F12: Existing Edinburgh post | G12: Edinburgh Travel Guide: Where to Eat, Drink and Explore | H12: edinburgh travel guide | I12: 170 | J12: 25 | K12: =COUNTIF('Post Plan'!$I$2:$I$348,B12) -> 8 | L12: =COUNTIFS('Post Plan'!$I$2:$I$348,$B12,'Post Plan'!$J$2:$J$348,"Eat") -> 4 | M12: =COUNTIFS('Post Plan'!$I$2:$I$348,$B12,'Post Plan'!$J$2:$J$348,"Drink") -> 3 | N12: =COUNTIFS('Post Plan'!$I$2:$I$348,$B12,'Post Plan'!$J$2:$J$348,"Explore nearby") -> 1 | O12: =COUNTIFS('Post Plan'!$I$2:$I$348,$B12,'Post Plan'!$J$2:$J$348,"See & do") -> 0 | P12: =COUNTIFS('Post Plan'!$I$2:$I$348,$B12,'Post Plan'!$J$2:$J$348,"Beaches & islands") -> 0 | Q12: =COUNTIFS('Post Plan'!$I$2:$I$348,$B12,'Post Plan'!$J$2:$J$348,"Towns, villages & nature") -> 0 | R12: =SUMIF('Post Plan'!$I$2:$I$348,B12,'Post Plan'!$M$2:$M$348) -> 4330 | S12: =SUMIF('Post Plan'!$I$2:$I$348,B12,'Post Plan'!$O$2:$O$348) -> 232.91596 | T12: =COUNTIFS('Post Plan'!$I$2:$I$348,B12,'Post Plan'!$B$2:$B$348,"Wave 1") -> 2 | U12: 1 | V12: Upgrade the existing post into a hub: add a section per cluster linking to each spoke. | Y12: Not started | AA12: =COUNTIFS('Post Plan'!$I$2:$I$348,B12,'Post Plan'!$V$2:$V$348,"Published") -> 0
A13: 12 | B13: Osaka | C13: City hub | D13: Asia | E13: Japan | F13: New pillar to create | G13: Osaka Travel Guide: Where to Eat, Drink and Explore | H13: osaka travel guide | I13: 260 | J13: 35 | K13: =COUNTIF('Post Plan'!$I$2:$I$348,B13) -> 7 | L13: =COUNTIFS('Post Plan'!$I$2:$I$348,$B13,'Post Plan'!$J$2:$J$348,"Eat") -> 4 | M13: =COUNTIFS('Post Plan'!$I$2:$I$348,$B13,'Post Plan'!$J$2:$J$348,"Drink") -> 1 | N13: =COUNTIFS('Post Plan'!$I$2:$I$348,$B13,'Post Plan'!$J$2:$J$348,"Explore nearby") -> 1 | O13: =COUNTIFS('Post Plan'!$I$2:$I$348,$B13,'Post Plan'!$J$2:$J$348,"See & do") -> 1 | P13: =COUNTIFS('Post Plan'!$I$2:$I$348,$B13,'Post Plan'!$J$2:$J$348,"Beaches & islands") -> 0 | Q13: =COUNTIFS('Post Plan'!$I$2:$I$348,$B13,'Post Plan'!$J$2:$J$348,"Towns, villages & nature") -> 0 | R13: =SUMIF('Post Plan'!$I$2:$I$348,B13,'Post Plan'!$M$2:$M$348) -> 3650 | S13: =SUMIF('Post Plan'!$I$2:$I$348,B13,'Post Plan'!$O$2:$O$348) -> 212.70919 | T13: =COUNTIFS('Post Plan'!$I$2:$I$348,B13,'Post Plan'!$B$2:$B$348,"Wave 1") -> 2 | U13: 9 | V13: Publish after its first 3 to 5 spokes so it launches with links to live content. | Y13: Not started | AA13: =COUNTIFS('Post Plan'!$I$2:$I$348,B13,'Post Plan'!$V$2:$V$348,"Published") -> 0
A14: 13 | B14: Tokyo | C14: City hub | D14: Asia | E14: Japan | F14: Existing Tokyo post | G14: Tokyo Travel Guide: Where to Eat, Drink and Explore | H14: tokyo travel guide | K14: =COUNTIF('Post Plan'!$I$2:$I$348,B14) -> 6 | L14: =COUNTIFS('Post Plan'!$I$2:$I$348,$B14,'Post Plan'!$J$2:$J$348,"Eat") -> 4 | M14: =COUNTIFS('Post Plan'!$I$2:$I$348,$B14,'Post Plan'!$J$2:$J$348,"Drink") -> 1 | N14: =COUNTIFS('Post Plan'!$I$2:$I$348,$B14,'Post Plan'!$J$2:$J$348,"Explore nearby") -> 1 | O14: =COUNTIFS('Post Plan'!$I$2:$I$348,$B14,'Post Plan'!$J$2:$J$348,"See & do") -> 0 | P14: =COUNTIFS('Post Plan'!$I$2:$I$348,$B14,'Post Plan'!$J$2:$J$348,"Beaches & islands") -> 0 | Q14: =COUNTIFS('Post Plan'!$I$2:$I$348,$B14,'Post Plan'!$J$2:$J$348,"Towns, villages & nature") -> 0 | R14: =SUMIF('Post Plan'!$I$2:$I$348,B14,'Post Plan'!$M$2:$M$348) -> 3770 | S14: =SUMIF('Post Plan'!$I$2:$I$348,B14,'Post Plan'!$O$2:$O$348) -> 209.4802 | T14: =COUNTIFS('Post Plan'!$I$2:$I$348,B14,'Post Plan'!$B$2:$B$348,"Wave 1") -> 2 | U14: 3 | V14: Upgrade the existing post into a hub: add a section per cluster linking to each spoke. | Y14: Not started | AA14: =COUNTIFS('Post Plan'!$I$2:$I$348,B14,'Post Plan'!$V$2:$V$348,"Published") -> 0
A15: 14 | B15: Italy | C15: Country hub | D15: Europe | E15: Europe | F15: New pillar to create | G15: Italy Travel Guide: Where to Eat, Drink and Explore | H15: italy travel guide | K15: =COUNTIF('Post Plan'!$I$2:$I$348,B15) -> 10 | L15: =COUNTIFS('Post Plan'!$I$2:$I$348,$B15,'Post Plan'!$J$2:$J$348,"Eat") -> 2 | M15: =COUNTIFS('Post Plan'!$I$2:$I$348,$B15,'Post Plan'!$J$2:$J$348,"Drink") -> 0 | N15: =COUNTIFS('Post Plan'!$I$2:$I$348,$B15,'Post Plan'!$J$2:$J$348,"Explore nearby") -> 3 | O15: =COUNTIFS('Post Plan'!$I$2:$I$348,$B15,'Post Plan'!$J$2:$J$348,"See & do") -> 1 | P15: =COUNTIFS('Post Plan'!$I$2:$I$348,$B15,'Post Plan'!$J$2:$J$348,"Beaches & islands") -> 3 | Q15: =COUNTIFS('Post Plan'!$I$2:$I$348,$B15,'Post Plan'!$J$2:$J$348,"Towns, villages & nature") -> 1 | R15: =SUMIF('Post Plan'!$I$2:$I$348,B15,'Post Plan'!$M$2:$M$348) -> 3390 | S15: =SUMIF('Post Plan'!$I$2:$I$348,B15,'Post Plan'!$O$2:$O$348) -> 196.7776 | T15: =COUNTIFS('Post Plan'!$I$2:$I$348,B15,'Post Plan'!$B$2:$B$348,"Wave 1") -> 2 | U15: 30 | V15: Publish after its first 3 to 5 spokes so it launches with links to live content. Links down to child hubs: Florence, Naples, Rome, Venice. | Y15: Not started | AA15: =COUNTIFS('Post Plan'!$I$2:$I$348,B15,'Post Plan'!$V$2:$V$348,"Published") -> 0
A16: 15 | B16: Bangkok | C16: City hub | D16: Asia | E16: Thailand | F16: New pillar to create | G16: Bangkok Travel Guide: Where to Eat, Drink and Explore | H16: bangkok travel guide | I16: 370 | J16: 18.9 | K16: =COUNTIF('Post Plan'!$I$2:$I$348,B16) -> 7 | L16: =COUNTIFS('Post Plan'!$I$2:$I$348,$B16,'Post Plan'!$J$2:$J$348,"Eat") -> 5 | M16: =COUNTIFS('Post Plan'!$I$2:$I$348,$B16,'Post Plan'!$J$2:$J$348,"Drink") -> 1 | N16: =COUNTIFS('Post Plan'!$I$2:$I$348,$B16,'Post Plan'!$J$2:$J$348,"Explore nearby") -> 1 | O16: =COUNTIFS('Post Plan'!$I$2:$I$348,$B16,'Post Plan'!$J$2:$J$348,"See & do") -> 0 | P16: =COUNTIFS('Post Plan'!$I$2:$I$348,$B16,'Post Plan'!$J$2:$J$348,"Beaches & islands") -> 0 | Q16: =COUNTIFS('Post Plan'!$I$2:$I$348,$B16,'Post Plan'!$J$2:$J$348,"Towns, villages & nature") -> 0 | R16: =SUMIF('Post Plan'!$I$2:$I$348,B16,'Post Plan'!$M$2:$M$348) -> 3750 | S16: =SUMIF('Post Plan'!$I$2:$I$348,B16,'Post Plan'!$O$2:$O$348) -> 196.22604 | T16: =COUNTIFS('Post Plan'!$I$2:$I$348,B16,'Post Plan'!$B$2:$B$348,"Wave 1") -> 3 | U16: 40 | V16: Publish after its first 3 to 5 spokes so it launches with links to live content. | Y16: Not started | AA16: =COUNTIFS('Post Plan'!$I$2:$I$348,B16,'Post Plan'!$V$2:$V$348,"Published") -> 0
A17: 16 | B17: London | C17: City hub | D17: UK | E17: England | F17: Existing London post | G17: London Travel Guide: Where to Eat, Drink and Explore | H17: london travel guide | K17: =COUNTIF('Post Plan'!$I$2:$I$348,B17) -> 10 | L17: =COUNTIFS('Post Plan'!$I$2:$I$348,$B17,'Post Plan'!$J$2:$J$348,"Eat") -> 6 | M17: =COUNTIFS('Post Plan'!$I$2:$I$348,$B17,'Post Plan'!$J$2:$J$348,"Drink") -> 2 | N17: =COUNTIFS('Post Plan'!$I$2:$I$348,$B17,'Post Plan'!$J$2:$J$348,"Explore nearby") -> 2 | O17: =COUNTIFS('Post Plan'!$I$2:$I$348,$B17,'Post Plan'!$J$2:$J$348,"See & do") -> 0 | P17: =COUNTIFS('Post Plan'!$I$2:$I$348,$B17,'Post Plan'!$J$2:$J$348,"Beaches & islands") -> 0 | Q17: =COUNTIFS('Post Plan'!$I$2:$I$348,$B17,'Post Plan'!$J$2:$J$348,"Towns, villages & nature") -> 0 | R17: =SUMIF('Post Plan'!$I$2:$I$348,B17,'Post Plan'!$M$2:$M$348) -> 4310 | S17: =SUMIF('Post Plan'!$I$2:$I$348,B17,'Post Plan'!$O$2:$O$348) -> 196.08273 | T17: =COUNTIFS('Post Plan'!$I$2:$I$348,B17,'Post Plan'!$B$2:$B$348,"Wave 1") -> 2 | U17: 7 | V17: Upgrade the existing post into a hub: add a section per cluster linking to each spoke. | Y17: Not started | AA17: =COUNTIFS('Post Plan'!$I$2:$I$348,B17,'Post Plan'!$V$2:$V$348,"Published") -> 0
A18: 17 | B18: Barcelona | C18: City hub | D18: Europe | E18: Spain | F18: Existing Barcelona post | G18: Barcelona Travel Guide: Where to Eat, Drink and Explore | H18: barcelona travel guide | I18: 210 | J18: 14 | K18: =COUNTIF('Post Plan'!$I$2:$I$348,B18) -> 6 | L18: =COUNTIFS('Post Plan'!$I$2:$I$348,$B18,'Post Plan'!$J$2:$J$348,"Eat") -> 2 | M18: =COUNTIFS('Post Plan'!$I$2:$I$348,$B18,'Post Plan'!$J$2:$J$348,"Drink") -> 2 | N18: =COUNTIFS('Post Plan'!$I$2:$I$348,$B18,'Post Plan'!$J$2:$J$348,"Explore nearby") -> 1 | O18: =COUNTIFS('Post Plan'!$I$2:$I$348,$B18,'Post Plan'!$J$2:$J$348,"See & do") -> 0 | P18: =COUNTIFS('Post Plan'!$I$2:$I$348,$B18,'Post Plan'!$J$2:$J$348,"Beaches & islands") -> 1 | Q18: =COUNTIFS('Post Plan'!$I$2:$I$348,$B18,'Post Plan'!$J$2:$J$348,"Towns, villages & nature") -> 0 | R18: =SUMIF('Post Plan'!$I$2:$I$348,B18,'Post Plan'!$M$2:$M$348) -> 3580 | S18: =SUMIF('Post Plan'!$I$2:$I$348,B18,'Post Plan'!$O$2:$O$348) -> 188.62675 | T18: =COUNTIFS('Post Plan'!$I$2:$I$348,B18,'Post Plan'!$B$2:$B$348,"Wave 1") -> 2 | U18: 8 | V18: Upgrade the existing post into a hub: add a section per cluster linking to each spoke. | Y18: Not started | AA18: =COUNTIFS('Post Plan'!$I$2:$I$348,B18,'Post Plan'!$V$2:$V$348,"Published") -> 0
A19: 18 | B19: Florence | C19: City hub | D19: Europe | E19: Italy | F19: New pillar to create | G19: Florence Travel Guide: Where to Eat, Drink and Explore | H19: florence travel guide | I19: 350 | J19: 22.8 | K19: =COUNTIF('Post Plan'!$I$2:$I$348,B19) -> 5 | L19: =COUNTIFS('Post Plan'!$I$2:$I$348,$B19,'Post Plan'!$J$2:$J$348,"Eat") -> 3 | M19: =COUNTIFS('Post Plan'!$I$2:$I$348,$B19,'Post Plan'!$J$2:$J$348,"Drink") -> 2 | N19: =COUNTIFS('Post Plan'!$I$2:$I$348,$B19,'Post Plan'!$J$2:$J$348,"Explore nearby") -> 0 | O19: =COUNTIFS('Post Plan'!$I$2:$I$348,$B19,'Post Plan'!$J$2:$J$348,"See & do") -> 0 | P19: =COUNTIFS('Post Plan'!$I$2:$I$348,$B19,'Post Plan'!$J$2:$J$348,"Beaches & islands") -> 0 | Q19: =COUNTIFS('Post Plan'!$I$2:$I$348,$B19,'Post Plan'!$J$2:$J$348,"Towns, villages & nature") -> 0 | R19: =SUMIF('Post Plan'!$I$2:$I$348,B19,'Post Plan'!$M$2:$M$348) -> 3200 | S19: =SUMIF('Post Plan'!$I$2:$I$348,B19,'Post Plan'!$O$2:$O$348) -> 187.99695 | T19: =COUNTIFS('Post Plan'!$I$2:$I$348,B19,'Post Plan'!$B$2:$B$348,"Wave 1") -> 3 | U19: 29 | V19: Publish after its first 3 to 5 spokes so it launches with links to live content. | Y19: Not started | AA19: =COUNTIFS('Post Plan'!$I$2:$I$348,B19,'Post Plan'!$V$2:$V$348,"Published") -> 0
A20: 19 | B20: Venice | C20: City hub | D20: Europe | E20: Italy | F20: New pillar to create | G20: Venice Travel Guide: Where to Eat, Drink and Explore | H20: venice travel guide | I20: 460 | J20: 18.8 | K20: =COUNTIF('Post Plan'!$I$2:$I$348,B20) -> 6 | L20: =COUNTIFS('Post Plan'!$I$2:$I$348,$B20,'Post Plan'!$J$2:$J$348,"Eat") -> 4 | M20: =COUNTIFS('Post Plan'!$I$2:$I$348,$B20,'Post Plan'!$J$2:$J$348,"Drink") -> 0 | N20: =COUNTIFS('Post Plan'!$I$2:$I$348,$B20,'Post Plan'!$J$2:$J$348,"Explore nearby") -> 1 | O20: =COUNTIFS('Post Plan'!$I$2:$I$348,$B20,'Post Plan'!$J$2:$J$348,"See & do") -> 1 | P20: =COUNTIFS('Post Plan'!$I$2:$I$348,$B20,'Post Plan'!$J$2:$J$348,"Beaches & islands") -> 0 | Q20: =COUNTIFS('Post Plan'!$I$2:$I$348,$B20,'Post Plan'!$J$2:$J$348,"Towns, villages & nature") -> 0 | R20: =SUMIF('Post Plan'!$I$2:$I$348,B20,'Post Plan'!$M$2:$M$348) -> 3330 | S20: =SUMIF('Post Plan'!$I$2:$I$348,B20,'Post Plan'!$O$2:$O$348) -> 181.64038 | T20: =COUNTIFS('Post Plan'!$I$2:$I$348,B20,'Post Plan'!$B$2:$B$348,"Wave 1") -> 4 | U20: 55 | V20: Publish after its first 3 to 5 spokes so it launches with links to live content. | Y20: Not started | AA20: =COUNTIFS('Post Plan'!$I$2:$I$348,B20,'Post Plan'!$V$2:$V$348,"Published") -> 0
A21: 20 | B21: Amsterdam | C21: City hub | D21: Europe | E21: Europe | F21: Existing Amsterdam post | G21: Amsterdam Travel Guide: Where to Eat, Drink and Explore | H21: amsterdam travel guide | K21: =COUNTIF('Post Plan'!$I$2:$I$348,B21) -> 6 | L21: =COUNTIFS('Post Plan'!$I$2:$I$348,$B21,'Post Plan'!$J$2:$J$348,"Eat") -> 4 | M21: =COUNTIFS('Post Plan'!$I$2:$I$348,$B21,'Post Plan'!$J$2:$J$348,"Drink") -> 1 | N21: =COUNTIFS('Post Plan'!$I$2:$I$348,$B21,'Post Plan'!$J$2:$J$348,"Explore nearby") -> 1 | O21: =COUNTIFS('Post Plan'!$I$2:$I$348,$B21,'Post Plan'!$J$2:$J$348,"See & do") -> 0 | P21: =COUNTIFS('Post Plan'!$I$2:$I$348,$B21,'Post Plan'!$J$2:$J$348,"Beaches & islands") -> 0 | Q21: =COUNTIFS('Post Plan'!$I$2:$I$348,$B21,'Post Plan'!$J$2:$J$348,"Towns, villages & nature") -> 0 | R21: =SUMIF('Post Plan'!$I$2:$I$348,B21,'Post Plan'!$M$2:$M$348) -> 2930 | S21: =SUMIF('Post Plan'!$I$2:$I$348,B21,'Post Plan'!$O$2:$O$348) -> 164.30271 | T21: =COUNTIFS('Post Plan'!$I$2:$I$348,B21,'Post Plan'!$B$2:$B$348,"Wave 1") -> 2 | U21: 15 | V21: Upgrade the existing post into a hub: add a section per cluster linking to each spoke. | Y21: Not started | AA21: =COUNTIFS('Post Plan'!$I$2:$I$348,B21,'Post Plan'!$V$2:$V$348,"Published") -> 0
A22: 21 | B22: Singapore | C22: Country hub | D22: Asia | E22: Asia | F22: New pillar to create | G22: Singapore Travel Guide: Where to Eat, Drink and Explore | H22: singapore travel guide | I22: 460 | J22: 16 | K22: =COUNTIF('Post Plan'!$I$2:$I$348,B22) -> 7 | L22: =COUNTIFS('Post Plan'!$I$2:$I$348,$B22,'Post Plan'!$J$2:$J$348,"Eat") -> 5 | M22: =COUNTIFS('Post Plan'!$I$2:$I$348,$B22,'Post Plan'!$J$2:$J$348,"Drink") -> 1 | N22: =COUNTIFS('Post Plan'!$I$2:$I$348,$B22,'Post Plan'!$J$2:$J$348,"Explore nearby") -> 1 | O22: =COUNTIFS('Post Plan'!$I$2:$I$348,$B22,'Post Plan'!$J$2:$J$348,"See & do") -> 0 | P22: =COUNTIFS('Post Plan'!$I$2:$I$348,$B22,'Post Plan'!$J$2:$J$348,"Beaches & islands") -> 0 | Q22: =COUNTIFS('Post Plan'!$I$2:$I$348,$B22,'Post Plan'!$J$2:$J$348,"Towns, villages & nature") -> 0 | R22: =SUMIF('Post Plan'!$I$2:$I$348,B22,'Post Plan'!$M$2:$M$348) -> 2830 | S22: =SUMIF('Post Plan'!$I$2:$I$348,B22,'Post Plan'!$O$2:$O$348) -> 156.88792 | T22: =COUNTIFS('Post Plan'!$I$2:$I$348,B22,'Post Plan'!$B$2:$B$348,"Wave 1") -> 2 | U22: 22 | V22: Publish after its first 3 to 5 spokes so it launches with links to live content. | Y22: Not started | AA22: =COUNTIFS('Post Plan'!$I$2:$I$348,B22,'Post Plan'!$V$2:$V$348,"Published") -> 0
A23: 22 | B23: Nashville | C23: City hub | D23: North America | E23: USA | F23: New pillar to create | G23: Nashville Travel Guide: Where to Eat, Drink and Explore | H23: nashville travel guide | I23: 590 | J23: 13 | K23: =COUNTIF('Post Plan'!$I$2:$I$348,B23) -> 6 | L23: =COUNTIFS('Post Plan'!$I$2:$I$348,$B23,'Post Plan'!$J$2:$J$348,"Eat") -> 4 | M23: =COUNTIFS('Post Plan'!$I$2:$I$348,$B23,'Post Plan'!$J$2:$J$348,"Drink") -> 1 | N23: =COUNTIFS('Post Plan'!$I$2:$I$348,$B23,'Post Plan'!$J$2:$J$348,"Explore nearby") -> 0 | O23: =COUNTIFS('Post Plan'!$I$2:$I$348,$B23,'Post Plan'!$J$2:$J$348,"See & do") -> 1 | P23: =COUNTIFS('Post Plan'!$I$2:$I$348,$B23,'Post Plan'!$J$2:$J$348,"Beaches & islands") -> 0 | Q23: =COUNTIFS('Post Plan'!$I$2:$I$348,$B23,'Post Plan'!$J$2:$J$348,"Towns, villages & nature") -> 0 | R23: =SUMIF('Post Plan'!$I$2:$I$348,B23,'Post Plan'!$M$2:$M$348) -> 4220 | S23: =SUMIF('Post Plan'!$I$2:$I$348,B23,'Post Plan'!$O$2:$O$348) -> 149.94437 | T23: =COUNTIFS('Post Plan'!$I$2:$I$348,B23,'Post Plan'!$B$2:$B$348,"Wave 1") -> 2 | U23: 26 | V23: Publish after its first 3 to 5 spokes so it launches with links to live content. | Y23: Not started | AA23: =COUNTIFS('Post Plan'!$I$2:$I$348,B23,'Post Plan'!$V$2:$V$348,"Published") -> 0
A24: 23 | B24: Athens | C24: City hub | D24: Europe | E24: Greece | F24: Existing Athens post | G24: Athens Travel Guide: Where to Eat, Drink and Explore | H24: athens travel guide | K24: =COUNTIF('Post Plan'!$I$2:$I$348,B24) -> 6 | L24: =COUNTIFS('Post Plan'!$I$2:$I$348,$B24,'Post Plan'!$J$2:$J$348,"Eat") -> 3 | M24: =COUNTIFS('Post Plan'!$I$2:$I$348,$B24,'Post Plan'!$J$2:$J$348,"Drink") -> 2 | N24: =COUNTIFS('Post Plan'!$I$2:$I$348,$B24,'Post Plan'!$J$2:$J$348,"Explore nearby") -> 1 | O24: =COUNTIFS('Post Plan'!$I$2:$I$348,$B24,'Post Plan'!$J$2:$J$348,"See & do") -> 0 | P24: =COUNTIFS('Post Plan'!$I$2:$I$348,$B24,'Post Plan'!$J$2:$J$348,"Beaches & islands") -> 0 | Q24: =COUNTIFS('Post Plan'!$I$2:$I$348,$B24,'Post Plan'!$J$2:$J$348,"Towns, villages & nature") -> 0 | R24: =SUMIF('Post Plan'!$I$2:$I$348,B24,'Post Plan'!$M$2:$M$348) -> 2780 | S24: =SUMIF('Post Plan'!$I$2:$I$348,B24,'Post Plan'!$O$2:$O$348) -> 145.25901 | T24: =COUNTIFS('Post Plan'!$I$2:$I$348,B24,'Post Plan'!$B$2:$B$348,"Wave 1") -> 2 | U24: 50 | V24: Upgrade the existing post into a hub: add a section per cluster linking to each spoke. | Y24: Not started | AA24: =COUNTIFS('Post Plan'!$I$2:$I$348,B24,'Post Plan'!$V$2:$V$348,"Published") -> 0
A25: 24 | B25: Berlin | C25: City hub | D25: Europe | E25: Europe | F25: New pillar to create | G25: Berlin Travel Guide: Where to Eat, Drink and Explore | H25: berlin travel guide | I25: 490 | J25: 25.1 | K25: =COUNTIF('Post Plan'!$I$2:$I$348,B25) -> 3 | L25: =COUNTIFS('Post Plan'!$I$2:$I$348,$B25,'Post Plan'!$J$2:$J$348,"Eat") -> 2 | M25: =COUNTIFS('Post Plan'!$I$2:$I$348,$B25,'Post Plan'!$J$2:$J$348,"Drink") -> 1 | N25: =COUNTIFS('Post Plan'!$I$2:$I$348,$B25,'Post Plan'!$J$2:$J$348,"Explore nearby") -> 0 | O25: =COUNTIFS('Post Plan'!$I$2:$I$348,$B25,'Post Plan'!$J$2:$J$348,"See & do") -> 0 | P25: =COUNTIFS('Post Plan'!$I$2:$I$348,$B25,'Post Plan'!$J$2:$J$348,"Beaches & islands") -> 0 | Q25: =COUNTIFS('Post Plan'!$I$2:$I$348,$B25,'Post Plan'!$J$2:$J$348,"Towns, villages & nature") -> 0 | R25: =SUMIF('Post Plan'!$I$2:$I$348,B25,'Post Plan'!$M$2:$M$348) -> 2290 | S25: =SUMIF('Post Plan'!$I$2:$I$348,B25,'Post Plan'!$O$2:$O$348) -> 141.37392 | T25: =COUNTIFS('Post Plan'!$I$2:$I$348,B25,'Post Plan'!$B$2:$B$348,"Wave 1") -> 2 | U25: 5 | V25: Publish after its first 3 to 5 spokes so it launches with links to live content. | Y25: Not started | AA25: =COUNTIFS('Post Plan'!$I$2:$I$348,B25,'Post Plan'!$V$2:$V$348,"Published") -> 0
A26: 25 | B26: New York | C26: City hub | D26: North America | E26: USA | F26: Existing NYC post | G26: New York Travel Guide: Where to Eat, Drink and Explore | H26: new york travel guide | K26: =COUNTIF('Post Plan'!$I$2:$I$348,B26) -> 7 | L26: =COUNTIFS('Post Plan'!$I$2:$I$348,$B26,'Post Plan'!$J$2:$J$348,"Eat") -> 4 | M26: =COUNTIFS('Post Plan'!$I$2:$I$348,$B26,'Post Plan'!$J$2:$J$348,"Drink") -> 2 | N26: =COUNTIFS('Post Plan'!$I$2:$I$348,$B26,'Post Plan'!$J$2:$J$348,"Explore nearby") -> 1 | O26: =COUNTIFS('Post Plan'!$I$2:$I$348,$B26,'Post Plan'!$J$2:$J$348,"See & do") -> 0 | P26: =COUNTIFS('Post Plan'!$I$2:$I$348,$B26,'Post Plan'!$J$2:$J$348,"Beaches & islands") -> 0 | Q26: =COUNTIFS('Post Plan'!$I$2:$I$348,$B26,'Post Plan'!$J$2:$J$348,"Towns, villages & nature") -> 0 | R26: =SUMIF('Post Plan'!$I$2:$I$348,B26,'Post Plan'!$M$2:$M$348) -> 3570 | S26: =SUMIF('Post Plan'!$I$2:$I$348,B26,'Post Plan'!$O$2:$O$348) -> 135.21411 | T26: =COUNTIFS('Post Plan'!$I$2:$I$348,B26,'Post Plan'!$B$2:$B$348,"Wave 1") -> 2 | U26: 69 | V26: Upgrade the existing post into a hub: add a section per cluster linking to each spoke. | Y26: Not started | AA26: =COUNTIFS('Post Plan'!$I$2:$I$348,B26,'Post Plan'!$V$2:$V$348,"Published") -> 0
A27: 26 | B27: Budapest | C27: City hub | D27: Europe | E27: Europe | F27: New pillar to create | G27: Budapest Travel Guide: Where to Eat, Drink and Explore | H27: budapest travel guide | I27: 740 | J27: 9.1 | K27: =COUNTIF('Post Plan'!$I$2:$I$348,B27) -> 3 | L27: =COUNTIFS('Post Plan'!$I$2:$I$348,$B27,'Post Plan'!$J$2:$J$348,"Eat") -> 2 | M27: =COUNTIFS('Post Plan'!$I$2:$I$348,$B27,'Post Plan'!$J$2:$J$348,"Drink") -> 1 | N27: =COUNTIFS('Post Plan'!$I$2:$I$348,$B27,'Post Plan'!$J$2:$J$348,"Explore nearby") -> 0 | O27: =COUNTIFS('Post Plan'!$I$2:$I$348,$B27,'Post Plan'!$J$2:$J$348,"See & do") -> 0 | P27: =COUNTIFS('Post Plan'!$I$2:$I$348,$B27,'Post Plan'!$J$2:$J$348,"Beaches & islands") -> 0 | Q27: =COUNTIFS('Post Plan'!$I$2:$I$348,$B27,'Post Plan'!$J$2:$J$348,"Towns, villages & nature") -> 0 | R27: =SUMIF('Post Plan'!$I$2:$I$348,B27,'Post Plan'!$M$2:$M$348) -> 2160 | S27: =SUMIF('Post Plan'!$I$2:$I$348,B27,'Post Plan'!$O$2:$O$348) -> 127.39487 | T27: =COUNTIFS('Post Plan'!$I$2:$I$348,B27,'Post Plan'!$B$2:$B$348,"Wave 1") -> 2 | U27: 16 | V27: Publish after its first 3 to 5 spokes so it launches with links to live content. | Y27: Not started | AA27: =COUNTIFS('Post Plan'!$I$2:$I$348,B27,'Post Plan'!$V$2:$V$348,"Published") -> 0
A28: 27 | B28: Munich | C28: City hub | D28: Europe | E28: Europe | F28: New pillar to create | G28: Munich Travel Guide: Where to Eat, Drink and Explore | H28: munich travel guide | K28: =COUNTIF('Post Plan'!$I$2:$I$348,B28) -> 3 | L28: =COUNTIFS('Post Plan'!$I$2:$I$348,$B28,'Post Plan'!$J$2:$J$348,"Eat") -> 0 | M28: =COUNTIFS('Post Plan'!$I$2:$I$348,$B28,'Post Plan'!$J$2:$J$348,"Drink") -> 2 | N28: =COUNTIFS('Post Plan'!$I$2:$I$348,$B28,'Post Plan'!$J$2:$J$348,"Explore nearby") -> 1 | O28: =COUNTIFS('Post Plan'!$I$2:$I$348,$B28,'Post Plan'!$J$2:$J$348,"See & do") -> 0 | P28: =COUNTIFS('Post Plan'!$I$2:$I$348,$B28,'Post Plan'!$J$2:$J$348,"Beaches & islands") -> 0 | Q28: =COUNTIFS('Post Plan'!$I$2:$I$348,$B28,'Post Plan'!$J$2:$J$348,"Towns, villages & nature") -> 0 | R28: =SUMIF('Post Plan'!$I$2:$I$348,B28,'Post Plan'!$M$2:$M$348) -> 2410 | S28: =SUMIF('Post Plan'!$I$2:$I$348,B28,'Post Plan'!$O$2:$O$348) -> 126.87103 | T28: =COUNTIFS('Post Plan'!$I$2:$I$348,B28,'Post Plan'!$B$2:$B$348,"Wave 1") -> 2 | U28: 27 | V28: Publish after its first 3 to 5 spokes so it launches with links to live content. | Y28: Not started | AA28: =COUNTIFS('Post Plan'!$I$2:$I$348,B28,'Post Plan'!$V$2:$V$348,"Published") -> 0
A29: 28 | B29: New Orleans | C29: City hub | D29: North America | E29: USA | F29: New pillar to create | G29: New Orleans Travel Guide: Where to Eat, Drink and Explore | H29: new orleans travel guide | K29: =COUNTIF('Post Plan'!$I$2:$I$348,B29) -> 8 | L29: =COUNTIFS('Post Plan'!$I$2:$I$348,$B29,'Post Plan'!$J$2:$J$348,"Eat") -> 5 | M29: =COUNTIFS('Post Plan'!$I$2:$I$348,$B29,'Post Plan'!$J$2:$J$348,"Drink") -> 2 | N29: =COUNTIFS('Post Plan'!$I$2:$I$348,$B29,'Post Plan'!$J$2:$J$348,"Explore nearby") -> 0 | O29: =COUNTIFS('Post Plan'!$I$2:$I$348,$B29,'Post Plan'!$J$2:$J$348,"See & do") -> 1 | P29: =COUNTIFS('Post Plan'!$I$2:$I$348,$B29,'Post Plan'!$J$2:$J$348,"Beaches & islands") -> 0 | Q29: =COUNTIFS('Post Plan'!$I$2:$I$348,$B29,'Post Plan'!$J$2:$J$348,"Towns, villages & nature") -> 0 | R29: =SUMIF('Post Plan'!$I$2:$I$348,B29,'Post Plan'!$M$2:$M$348) -> 2960 | S29: =SUMIF('Post Plan'!$I$2:$I$348,B29,'Post Plan'!$O$2:$O$348) -> 126.40813 | T29: =COUNTIFS('Post Plan'!$I$2:$I$348,B29,'Post Plan'!$B$2:$B$348,"Wave 1") -> 0 | U29: 113 | V29: Publish after its first 3 to 5 spokes so it launches with links to live content. | Y29: Not started | AA29: =COUNTIFS('Post Plan'!$I$2:$I$348,B29,'Post Plan'!$V$2:$V$348,"Published") -> 0
A30: 29 | B30: Dublin | C30: City hub | D30: Europe | E30: Ireland | F30: New pillar to create | G30: Dublin Travel Guide: Where to Eat, Drink and Explore | H30: dublin travel guide | I30: 370 | J30: 31.2 | K30: =COUNTIF('Post Plan'!$I$2:$I$348,B30) -> 4 | L30: =COUNTIFS('Post Plan'!$I$2:$I$348,$B30,'Post Plan'!$J$2:$J$348,"Eat") -> 3 | M30: =COUNTIFS('Post Plan'!$I$2:$I$348,$B30,'Post Plan'!$J$2:$J$348,"Drink") -> 1 | N30: =COUNTIFS('Post Plan'!$I$2:$I$348,$B30,'Post Plan'!$J$2:$J$348,"Explore nearby") -> 0 | O30: =COUNTIFS('Post Plan'!$I$2:$I$348,$B30,'Post Plan'!$J$2:$J$348,"See & do") -> 0 | P30: =COUNTIFS('Post Plan'!$I$2:$I$348,$B30,'Post Plan'!$J$2:$J$348,"Beaches & islands") -> 0 | Q30: =COUNTIFS('Post Plan'!$I$2:$I$348,$B30,'Post Plan'!$J$2:$J$348,"Towns, villages & nature") -> 0 | R30: =SUMIF('Post Plan'!$I$2:$I$348,B30,'Post Plan'!$M$2:$M$348) -> 2390 | S30: =SUMIF('Post Plan'!$I$2:$I$348,B30,'Post Plan'!$O$2:$O$348) -> 117.22382 | T30: =COUNTIFS('Post Plan'!$I$2:$I$348,B30,'Post Plan'!$B$2:$B$348,"Wave 1") -> 1 | U30: 77 | V30: Publish after its first 3 to 5 spokes so it launches with links to live content. | Y30: Not started | AA30: =COUNTIFS('Post Plan'!$I$2:$I$348,B30,'Post Plan'!$V$2:$V$348,"Published") -> 0
A31: 30 | B31: Kyoto | C31: City hub | D31: Asia | E31: Japan | F31: New pillar to create | G31: Kyoto Travel Guide: Where to Eat, Drink and Explore | H31: kyoto travel guide | I31: 430 | J31: 33.2 | K31: =COUNTIF('Post Plan'!$I$2:$I$348,B31) -> 4 | L31: =COUNTIFS('Post Plan'!$I$2:$I$348,$B31,'Post Plan'!$J$2:$J$348,"Eat") -> 2 | M31: =COUNTIFS('Post Plan'!$I$2:$I$348,$B31,'Post Plan'!$J$2:$J$348,"Drink") -> 0 | N31: =COUNTIFS('Post Plan'!$I$2:$I$348,$B31,'Post Plan'!$J$2:$J$348,"Explore nearby") -> 1 | O31: =COUNTIFS('Post Plan'!$I$2:$I$348,$B31,'Post Plan'!$J$2:$J$348,"See & do") -> 1 | P31: =COUNTIFS('Post Plan'!$I$2:$I$348,$B31,'Post Plan'!$J$2:$J$348,"Beaches & islands") -> 0 | Q31: =COUNTIFS('Post Plan'!$I$2:$I$348,$B31,'Post Plan'!$J$2:$J$348,"Towns, villages & nature") -> 0 | R31: =SUMIF('Post Plan'!$I$2:$I$348,B31,'Post Plan'!$M$2:$M$348) -> 2720 | S31: =SUMIF('Post Plan'!$I$2:$I$348,B31,'Post Plan'!$O$2:$O$348) -> 117.13136 | T31: =COUNTIFS('Post Plan'!$I$2:$I$348,B31,'Post Plan'!$B$2:$B$348,"Wave 1") -> 1 | U31: 12 | V31: Publish after its first 3 to 5 spokes so it launches with links to live content. | Y31: Not started | AA31: =COUNTIFS('Post Plan'!$I$2:$I$348,B31,'Post Plan'!$V$2:$V$348,"Published") -> 0
A32: 31 | B32: Asia | C32: Region hub | D32: Asia | E32: Home / Destinations | F32: New pillar to create | G32: Asia Travel Guide: Best Places to Eat, Drink and Explore | H32: asia travel guide | K32: =COUNTIF('Post Plan'!$I$2:$I$348,B32) -> 6 | L32: =COUNTIFS('Post Plan'!$I$2:$I$348,$B32,'Post Plan'!$J$2:$J$348,"Eat") -> 2 | M32: =COUNTIFS('Post Plan'!$I$2:$I$348,$B32,'Post Plan'!$J$2:$J$348,"Drink") -> 0 | N32: =COUNTIFS('Post Plan'!$I$2:$I$348,$B32,'Post Plan'!$J$2:$J$348,"Explore nearby") -> 1 | O32: =COUNTIFS('Post Plan'!$I$2:$I$348,$B32,'Post Plan'!$J$2:$J$348,"See & do") -> 0 | P32: =COUNTIFS('Post Plan'!$I$2:$I$348,$B32,'Post Plan'!$J$2:$J$348,"Beaches & islands") -> 3 | Q32: =COUNTIFS('Post Plan'!$I$2:$I$348,$B32,'Post Plan'!$J$2:$J$348,"Towns, villages & nature") -> 0 | R32: =SUMIF('Post Plan'!$I$2:$I$348,B32,'Post Plan'!$M$2:$M$348) -> 2780 | S32: =SUMIF('Post Plan'!$I$2:$I$348,B32,'Post Plan'!$O$2:$O$348) -> 116.55839 | T32: =COUNTIFS('Post Plan'!$I$2:$I$348,B32,'Post Plan'!$B$2:$B$348,"Wave 1") -> 0 | U32: 117 | V32: Publish after its first 3 to 5 spokes so it launches with links to live content. Links down to child hubs: Hong Kong, Japan, Seoul, Singapore, Thailand, Vietnam. | Y32: Not started | AA32: =COUNTIFS('Post Plan'!$I$2:$I$348,B32,'Post Plan'!$V$2:$V$348,"Published") -> 0
A33: 32 | B33: Canada | C33: Country hub | D33: North America | E33: North America | F33: New pillar to create | G33: Canada Travel Guide: Where to Eat, Drink and Explore | H33: canada travel guide | K33: =COUNTIF('Post Plan'!$I$2:$I$348,B33) -> 6 | L33: =COUNTIFS('Post Plan'!$I$2:$I$348,$B33,'Post Plan'!$J$2:$J$348,"Eat") -> 2 | M33: =COUNTIFS('Post Plan'!$I$2:$I$348,$B33,'Post Plan'!$J$2:$J$348,"Drink") -> 1 | N33: =COUNTIFS('Post Plan'!$I$2:$I$348,$B33,'Post Plan'!$J$2:$J$348,"Explore nearby") -> 3 | O33: =COUNTIFS('Post Plan'!$I$2:$I$348,$B33,'Post Plan'!$J$2:$J$348,"See & do") -> 0 | P33: =COUNTIFS('Post Plan'!$I$2:$I$348,$B33,'Post Plan'!$J$2:$J$348,"Beaches & islands") -> 0 | Q33: =COUNTIFS('Post Plan'!$I$2:$I$348,$B33,'Post Plan'!$J$2:$J$348,"Towns, villages & nature") -> 0 | R33: =SUMIF('Post Plan'!$I$2:$I$348,B33,'Post Plan'!$M$2:$M$348) -> 2440 | S33: =SUMIF('Post Plan'!$I$2:$I$348,B33,'Post Plan'!$O$2:$O$348) -> 114.66064 | T33: =COUNTIFS('Post Plan'!$I$2:$I$348,B33,'Post Plan'!$B$2:$B$348,"Wave 1") -> 1 | U33: 94 | V33: Publish after its first 3 to 5 spokes so it launches with links to live content. | Y33: Not started | AA33: =COUNTIFS('Post Plan'!$I$2:$I$348,B33,'Post Plan'!$V$2:$V$348,"Published") -> 0
A34: 33 | B34: Croatia | C34: Country hub | D34: Europe | E34: Europe | F34: New pillar to create | G34: Croatia Travel Guide: Where to Eat, Drink and Explore | H34: croatia travel guide | K34: =COUNTIF('Post Plan'!$I$2:$I$348,B34) -> 4 | L34: =COUNTIFS('Post Plan'!$I$2:$I$348,$B34,'Post Plan'!$J$2:$J$348,"Eat") -> 0 | M34: =COUNTIFS('Post Plan'!$I$2:$I$348,$B34,'Post Plan'!$J$2:$J$348,"Drink") -> 0 | N34: =COUNTIFS('Post Plan'!$I$2:$I$348,$B34,'Post Plan'!$J$2:$J$348,"Explore nearby") -> 1 | O34: =COUNTIFS('Post Plan'!$I$2:$I$348,$B34,'Post Plan'!$J$2:$J$348,"See & do") -> 1 | P34: =COUNTIFS('Post Plan'!$I$2:$I$348,$B34,'Post Plan'!$J$2:$J$348,"Beaches & islands") -> 2 | Q34: =COUNTIFS('Post Plan'!$I$2:$I$348,$B34,'Post Plan'!$J$2:$J$348,"Towns, villages & nature") -> 0 | R34: =SUMIF('Post Plan'!$I$2:$I$348,B34,'Post Plan'!$M$2:$M$348) -> 2670 | S34: =SUMIF('Post Plan'!$I$2:$I$348,B34,'Post Plan'!$O$2:$O$348) -> 111.98397 | T34: =COUNTIFS('Post Plan'!$I$2:$I$348,B34,'Post Plan'!$B$2:$B$348,"Wave 1") -> 2 | U34: 51 | V34: Publish after its first 3 to 5 spokes so it launches with links to live content. Links down to child hubs: Dubrovnik. | Y34: Not started | AA34: =COUNTIFS('Post Plan'!$I$2:$I$348,B34,'Post Plan'!$V$2:$V$348,"Published") -> 0
A35: 34 | B35: Glasgow | C35: City hub | D35: UK | E35: Scotland | F35: New pillar to create | G35: Glasgow Travel Guide: Where to Eat, Drink and Explore | H35: glasgow travel guide | I35: 70 | J35: 34 | K35: =COUNTIF('Post Plan'!$I$2:$I$348,B35) -> 4 | L35: =COUNTIFS('Post Plan'!$I$2:$I$348,$B35,'Post Plan'!$J$2:$J$348,"Eat") -> 1 | M35: =COUNTIFS('Post Plan'!$I$2:$I$348,$B35,'Post Plan'!$J$2:$J$348,"Drink") -> 2 | N35: =COUNTIFS('Post Plan'!$I$2:$I$348,$B35,'Post Plan'!$J$2:$J$348,"Explore nearby") -> 1 | O35: =COUNTIFS('Post Plan'!$I$2:$I$348,$B35,'Post Plan'!$J$2:$J$348,"See & do") -> 0 | P35: =COUNTIFS('Post Plan'!$I$2:$I$348,$B35,'Post Plan'!$J$2:$J$348,"Beaches & islands") -> 0 | Q35: =COUNTIFS('Post Plan'!$I$2:$I$348,$B35,'Post Plan'!$J$2:$J$348,"Towns, villages & nature") -> 0 | R35: =SUMIF('Post Plan'!$I$2:$I$348,B35,'Post Plan'!$M$2:$M$348) -> 2450 | S35: =SUMIF('Post Plan'!$I$2:$I$348,B35,'Post Plan'!$O$2:$O$348) -> 111.79262 | T35: =COUNTIFS('Post Plan'!$I$2:$I$348,B35,'Post Plan'!$B$2:$B$348,"Wave 1") -> 2 | U35: 39 | V35: Publish after its first 3 to 5 spokes so it launches with links to live content. | Y35: Not started | AA35: =COUNTIFS('Post Plan'!$I$2:$I$348,B35,'Post Plan'!$V$2:$V$348,"Published") -> 0
A36: 35 | B36: Scotland | C36: Country hub | D36: UK | E36: UK | F36: New pillar to create | G36: Scotland Travel Guide: Where to Eat, Drink and Explore | H36: scotland travel guide | K36: =COUNTIF('Post Plan'!$I$2:$I$348,B36) -> 8 | L36: =COUNTIFS('Post Plan'!$I$2:$I$348,$B36,'Post Plan'!$J$2:$J$348,"Eat") -> 0 | M36: =COUNTIFS('Post Plan'!$I$2:$I$348,$B36,'Post Plan'!$J$2:$J$348,"Drink") -> 0 | N36: =COUNTIFS('Post Plan'!$I$2:$I$348,$B36,'Post Plan'!$J$2:$J$348,"Explore nearby") -> 3 | O36: =COUNTIFS('Post Plan'!$I$2:$I$348,$B36,'Post Plan'!$J$2:$J$348,"See & do") -> 2 | P36: =COUNTIFS('Post Plan'!$I$2:$I$348,$B36,'Post Plan'!$J$2:$J$348,"Beaches & islands") -> 2 | Q36: =COUNTIFS('Post Plan'!$I$2:$I$348,$B36,'Post Plan'!$J$2:$J$348,"Towns, villages & nature") -> 1 | R36: =SUMIF('Post Plan'!$I$2:$I$348,B36,'Post Plan'!$M$2:$M$348) -> 2220 | S36: =SUMIF('Post Plan'!$I$2:$I$348,B36,'Post Plan'!$O$2:$O$348) -> 105.7681 | T36: =COUNTIFS('Post Plan'!$I$2:$I$348,B36,'Post Plan'!$B$2:$B$348,"Wave 1") -> 0 | U36: 110 | V36: Publish after its first 3 to 5 spokes so it launches with links to live content. Links down to child hubs: Edinburgh, Glasgow. | Y36: Not started | AA36: =COUNTIFS('Post Plan'!$I$2:$I$348,B36,'Post Plan'!$V$2:$V$348,"Published") -> 0
A37: 36 | B37: Istanbul | C37: City hub | D37: Europe | E37: Europe | F37: New pillar to create | G37: Istanbul Travel Guide: Where to Eat, Drink and Explore | H37: istanbul travel guide | K37: =COUNTIF('Post Plan'!$I$2:$I$348,B37) -> 5 | L37: =COUNTIFS('Post Plan'!$I$2:$I$348,$B37,'Post Plan'!$J$2:$J$348,"Eat") -> 3 | M37: =COUNTIFS('Post Plan'!$I$2:$I$348,$B37,'Post Plan'!$J$2:$J$348,"Drink") -> 1 | N37: =COUNTIFS('Post Plan'!$I$2:$I$348,$B37,'Post Plan'!$J$2:$J$348,"Explore nearby") -> 1 | O37: =COUNTIFS('Post Plan'!$I$2:$I$348,$B37,'Post Plan'!$J$2:$J$348,"See & do") -> 0 | P37: =COUNTIFS('Post Plan'!$I$2:$I$348,$B37,'Post Plan'!$J$2:$J$348,"Beaches & islands") -> 0 | Q37: =COUNTIFS('Post Plan'!$I$2:$I$348,$B37,'Post Plan'!$J$2:$J$348,"Towns, villages & nature") -> 0 | R37: =SUMIF('Post Plan'!$I$2:$I$348,B37,'Post Plan'!$M$2:$M$348) -> 1960 | S37: =SUMIF('Post Plan'!$I$2:$I$348,B37,'Post Plan'!$O$2:$O$348) -> 96.734071 | T37: =COUNTIFS('Post Plan'!$I$2:$I$348,B37,'Post Plan'!$B$2:$B$348,"Wave 1") -> 1 | U37: 90 | V37: Publish after its first 3 to 5 spokes so it launches with links to live content. | Y37: Not started | AA37: =COUNTIFS('Post Plan'!$I$2:$I$348,B37,'Post Plan'!$V$2:$V$348,"Published") -> 0
A38: 37 | B38: Vienna | C38: City hub | D38: Europe | E38: Europe | F38: New pillar to create | G38: Vienna Travel Guide: Where to Eat, Drink and Explore | H38: vienna travel guide | K38: =COUNTIF('Post Plan'!$I$2:$I$348,B38) -> 3 | L38: =COUNTIFS('Post Plan'!$I$2:$I$348,$B38,'Post Plan'!$J$2:$J$348,"Eat") -> 2 | M38: =COUNTIFS('Post Plan'!$I$2:$I$348,$B38,'Post Plan'!$J$2:$J$348,"Drink") -> 1 | N38: =COUNTIFS('Post Plan'!$I$2:$I$348,$B38,'Post Plan'!$J$2:$J$348,"Explore nearby") -> 0 | O38: =COUNTIFS('Post Plan'!$I$2:$I$348,$B38,'Post Plan'!$J$2:$J$348,"See & do") -> 0 | P38: =COUNTIFS('Post Plan'!$I$2:$I$348,$B38,'Post Plan'!$J$2:$J$348,"Beaches & islands") -> 0 | Q38: =COUNTIFS('Post Plan'!$I$2:$I$348,$B38,'Post Plan'!$J$2:$J$348,"Towns, villages & nature") -> 0 | R38: =SUMIF('Post Plan'!$I$2:$I$348,B38,'Post Plan'!$M$2:$M$348) -> 1890 | S38: =SUMIF('Post Plan'!$I$2:$I$348,B38,'Post Plan'!$O$2:$O$348) -> 95.208333 | T38: =COUNTIFS('Post Plan'!$I$2:$I$348,B38,'Post Plan'!$B$2:$B$348,"Wave 1") -> 2 | U38: 46 | V38: Publish after its first 3 to 5 spokes so it launches with links to live content. | Y38: Not started | AA38: =COUNTIFS('Post Plan'!$I$2:$I$348,B38,'Post Plan'!$V$2:$V$348,"Published") -> 0
A39: 38 | B39: France | C39: Country hub | D39: Europe | E39: Europe | F39: New pillar to create | G39: France Travel Guide: Where to Eat, Drink and Explore | H39: france travel guide | K39: =COUNTIF('Post Plan'!$I$2:$I$348,B39) -> 5 | L39: =COUNTIFS('Post Plan'!$I$2:$I$348,$B39,'Post Plan'!$J$2:$J$348,"Eat") -> 1 | M39: =COUNTIFS('Post Plan'!$I$2:$I$348,$B39,'Post Plan'!$J$2:$J$348,"Drink") -> 0 | N39: =COUNTIFS('Post Plan'!$I$2:$I$348,$B39,'Post Plan'!$J$2:$J$348,"Explore nearby") -> 2 | O39: =COUNTIFS('Post Plan'!$I$2:$I$348,$B39,'Post Plan'!$J$2:$J$348,"See & do") -> 1 | P39: =COUNTIFS('Post Plan'!$I$2:$I$348,$B39,'Post Plan'!$J$2:$J$348,"Beaches & islands") -> 0 | Q39: =COUNTIFS('Post Plan'!$I$2:$I$348,$B39,'Post Plan'!$J$2:$J$348,"Towns, villages & nature") -> 1 | R39: =SUMIF('Post Plan'!$I$2:$I$348,B39,'Post Plan'!$M$2:$M$348) -> 1540 | S39: =SUMIF('Post Plan'!$I$2:$I$348,B39,'Post Plan'!$O$2:$O$348) -> 92.617453 | T39: =COUNTIFS('Post Plan'!$I$2:$I$348,B39,'Post Plan'!$B$2:$B$348,"Wave 1") -> 1 | U39: 60 | V39: Publish after its first 3 to 5 spokes so it launches with links to live content. Links down to child hubs: Paris. | Y39: Not started | AA39: =COUNTIFS('Post Plan'!$I$2:$I$348,B39,'Post Plan'!$V$2:$V$348,"Published") -> 0
A40: 39 | B40: Hanoi | C40: City hub | D40: Asia | E40: Vietnam | F40: New pillar to create | G40: Hanoi Travel Guide: Where to Eat, Drink and Explore | H40: hanoi travel guide | I40: 170 | J40: 19 | K40: =COUNTIF('Post Plan'!$I$2:$I$348,B40) -> 5 | L40: =COUNTIFS('Post Plan'!$I$2:$I$348,$B40,'Post Plan'!$J$2:$J$348,"Eat") -> 4 | M40: =COUNTIFS('Post Plan'!$I$2:$I$348,$B40,'Post Plan'!$J$2:$J$348,"Drink") -> 1 | N40: =COUNTIFS('Post Plan'!$I$2:$I$348,$B40,'Post Plan'!$J$2:$J$348,"Explore nearby") -> 0 | O40: =COUNTIFS('Post Plan'!$I$2:$I$348,$B40,'Post Plan'!$J$2:$J$348,"See & do") -> 0 | P40: =COUNTIFS('Post Plan'!$I$2:$I$348,$B40,'Post Plan'!$J$2:$J$348,"Beaches & islands") -> 0 | Q40: =COUNTIFS('Post Plan'!$I$2:$I$348,$B40,'Post Plan'!$J$2:$J$348,"Towns, villages & nature") -> 0 | R40: =SUMIF('Post Plan'!$I$2:$I$348,B40,'Post Plan'!$M$2:$M$348) -> 1470 | S40: =SUMIF('Post Plan'!$I$2:$I$348,B40,'Post Plan'!$O$2:$O$348) -> 88.514559 | T40: =COUNTIFS('Post Plan'!$I$2:$I$348,B40,'Post Plan'!$B$2:$B$348,"Wave 1") -> 1 | U40: 43 | V40: Publish after its first 3 to 5 spokes so it launches with links to live content. | Y40: Not started | AA40: =COUNTIFS('Post Plan'!$I$2:$I$348,B40,'Post Plan'!$V$2:$V$348,"Published") -> 0
A41: 40 | B41: Australia | C41: Country hub | D41: Oceania | E41: Oceania | F41: New pillar to create | G41: Australia Travel Guide: Where to Eat, Drink and Explore | H41: australia travel guide | K41: =COUNTIF('Post Plan'!$I$2:$I$348,B41) -> 4 | L41: =COUNTIFS('Post Plan'!$I$2:$I$348,$B41,'Post Plan'!$J$2:$J$348,"Eat") -> 1 | M41: =COUNTIFS('Post Plan'!$I$2:$I$348,$B41,'Post Plan'!$J$2:$J$348,"Drink") -> 0 | N41: =COUNTIFS('Post Plan'!$I$2:$I$348,$B41,'Post Plan'!$J$2:$J$348,"Explore nearby") -> 2 | O41: =COUNTIFS('Post Plan'!$I$2:$I$348,$B41,'Post Plan'!$J$2:$J$348,"See & do") -> 0 | P41: =COUNTIFS('Post Plan'!$I$2:$I$348,$B41,'Post Plan'!$J$2:$J$348,"Beaches & islands") -> 1 | Q41: =COUNTIFS('Post Plan'!$I$2:$I$348,$B41,'Post Plan'!$J$2:$J$348,"Towns, villages & nature") -> 0 | R41: =SUMIF('Post Plan'!$I$2:$I$348,B41,'Post Plan'!$M$2:$M$348) -> 1800 | S41: =SUMIF('Post Plan'!$I$2:$I$348,B41,'Post Plan'!$O$2:$O$348) -> 85.952879 | T41: =COUNTIFS('Post Plan'!$I$2:$I$348,B41,'Post Plan'!$B$2:$B$348,"Wave 1") -> 1 | U41: 98 | V41: Publish after its first 3 to 5 spokes so it launches with links to live content. | Y41: Not started | AA41: =COUNTIFS('Post Plan'!$I$2:$I$348,B41,'Post Plan'!$V$2:$V$348,"Published") -> 0
A42: 41 | B42: Switzerland | C42: Country hub | D42: Europe | E42: Europe | F42: New pillar to create | G42: Switzerland Travel Guide: Where to Eat, Drink and Explore | H42: switzerland travel guide | K42: =COUNTIF('Post Plan'!$I$2:$I$348,B42) -> 3 | L42: =COUNTIFS('Post Plan'!$I$2:$I$348,$B42,'Post Plan'!$J$2:$J$348,"Eat") -> 0 | M42: =COUNTIFS('Post Plan'!$I$2:$I$348,$B42,'Post Plan'!$J$2:$J$348,"Drink") -> 0 | N42: =COUNTIFS('Post Plan'!$I$2:$I$348,$B42,'Post Plan'!$J$2:$J$348,"Explore nearby") -> 3 | O42: =COUNTIFS('Post Plan'!$I$2:$I$348,$B42,'Post Plan'!$J$2:$J$348,"See & do") -> 0 | P42: =COUNTIFS('Post Plan'!$I$2:$I$348,$B42,'Post Plan'!$J$2:$J$348,"Beaches & islands") -> 0 | Q42: =COUNTIFS('Post Plan'!$I$2:$I$348,$B42,'Post Plan'!$J$2:$J$348,"Towns, villages & nature") -> 0 | R42: =SUMIF('Post Plan'!$I$2:$I$348,B42,'Post Plan'!$M$2:$M$348) -> 1380 | S42: =SUMIF('Post Plan'!$I$2:$I$348,B42,'Post Plan'!$O$2:$O$348) -> 85.856481 | T42: =COUNTIFS('Post Plan'!$I$2:$I$348,B42,'Post Plan'!$B$2:$B$348,"Wave 1") -> 1 | U42: 79 | V42: Publish after its first 3 to 5 spokes so it launches with links to live content. | Y42: Not started | AA42: =COUNTIFS('Post Plan'!$I$2:$I$348,B42,'Post Plan'!$V$2:$V$348,"Published") -> 0
A43: 42 | B43: UK | C43: Country hub | D43: UK | E43: Home / Destinations | F43: Existing UK post | G43: UK Travel Guide: Where to Eat, Drink and Explore | H43: uk travel guide | K43: =COUNTIF('Post Plan'!$I$2:$I$348,B43) -> 3 | L43: =COUNTIFS('Post Plan'!$I$2:$I$348,$B43,'Post Plan'!$J$2:$J$348,"Eat") -> 1 | M43: =COUNTIFS('Post Plan'!$I$2:$I$348,$B43,'Post Plan'!$J$2:$J$348,"Drink") -> 0 | N43: =COUNTIFS('Post Plan'!$I$2:$I$348,$B43,'Post Plan'!$J$2:$J$348,"Explore nearby") -> 1 | O43: =COUNTIFS('Post Plan'!$I$2:$I$348,$B43,'Post Plan'!$J$2:$J$348,"See & do") -> 1 | P43: =COUNTIFS('Post Plan'!$I$2:$I$348,$B43,'Post Plan'!$J$2:$J$348,"Beaches & islands") -> 0 | Q43: =COUNTIFS('Post Plan'!$I$2:$I$348,$B43,'Post Plan'!$J$2:$J$348,"Towns, villages & nature") -> 0 | R43: =SUMIF('Post Plan'!$I$2:$I$348,B43,'Post Plan'!$M$2:$M$348) -> 1270 | S43: =SUMIF('Post Plan'!$I$2:$I$348,B43,'Post Plan'!$O$2:$O$348) -> 70.738095 | T43: =COUNTIFS('Post Plan'!$I$2:$I$348,B43,'Post Plan'!$B$2:$B$348,"Wave 1") -> 1 | U43: 41 | V43: Upgrade the existing post into a hub: add a section per cluster linking to each spoke. Links down to child hubs: England, Scotland, Wales. | Y43: Not started | AA43: =COUNTIFS('Post Plan'!$I$2:$I$348,B43,'Post Plan'!$V$2:$V$348,"Published") -> 0
A44: 43 | B44: Naples | C44: City hub | D44: Europe | E44: Italy | F44: New pillar to create | G44: Naples Travel Guide: Where to Eat, Drink and Explore | H44: naples travel guide | I44: 200 | J44: 9.7 | K44: =COUNTIF('Post Plan'!$I$2:$I$348,B44) -> 3 | L44: =COUNTIFS('Post Plan'!$I$2:$I$348,$B44,'Post Plan'!$J$2:$J$348,"Eat") -> 1 | M44: =COUNTIFS('Post Plan'!$I$2:$I$348,$B44,'Post Plan'!$J$2:$J$348,"Drink") -> 1 | N44: =COUNTIFS('Post Plan'!$I$2:$I$348,$B44,'Post Plan'!$J$2:$J$348,"Explore nearby") -> 1 | O44: =COUNTIFS('Post Plan'!$I$2:$I$348,$B44,'Post Plan'!$J$2:$J$348,"See & do") -> 0 | P44: =COUNTIFS('Post Plan'!$I$2:$I$348,$B44,'Post Plan'!$J$2:$J$348,"Beaches & islands") -> 0 | Q44: =COUNTIFS('Post Plan'!$I$2:$I$348,$B44,'Post Plan'!$J$2:$J$348,"Towns, villages & nature") -> 0 | R44: =SUMIF('Post Plan'!$I$2:$I$348,B44,'Post Plan'!$M$2:$M$348) -> 1220 | S44: =SUMIF('Post Plan'!$I$2:$I$348,B44,'Post Plan'!$O$2:$O$348) -> 76 | T44: =COUNTIFS('Post Plan'!$I$2:$I$348,B44,'Post Plan'!$B$2:$B$348,"Wave 1") -> 1 | U44: 100 | V44: Publish after its first 3 to 5 spokes so it launches with links to live content. | Y44: Not started | AA44: =COUNTIFS('Post Plan'!$I$2:$I$348,B44,'Post Plan'!$V$2:$V$348,"Published") -> 0
A45: 44 | B45: Krakow | C45: City hub | D45: Europe | E45: Europe | F45: New pillar to create | G45: Krakow Travel Guide: Where to Eat, Drink and Explore | H45: krakow travel guide | K45: =COUNTIF('Post Plan'!$I$2:$I$348,B45) -> 3 | L45: =COUNTIFS('Post Plan'!$I$2:$I$348,$B45,'Post Plan'!$J$2:$J$348,"Eat") -> 1 | M45: =COUNTIFS('Post Plan'!$I$2:$I$348,$B45,'Post Plan'!$J$2:$J$348,"Drink") -> 1 | N45: =COUNTIFS('Post Plan'!$I$2:$I$348,$B45,'Post Plan'!$J$2:$J$348,"Explore nearby") -> 1 | O45: =COUNTIFS('Post Plan'!$I$2:$I$348,$B45,'Post Plan'!$J$2:$J$348,"See & do") -> 0 | P45: =COUNTIFS('Post Plan'!$I$2:$I$348,$B45,'Post Plan'!$J$2:$J$348,"Beaches & islands") -> 0 | Q45: =COUNTIFS('Post Plan'!$I$2:$I$348,$B45,'Post Plan'!$J$2:$J$348,"Towns, villages & nature") -> 0 | R45: =SUMIF('Post Plan'!$I$2:$I$348,B45,'Post Plan'!$M$2:$M$348) -> 1290 | S45: =SUMIF('Post Plan'!$I$2:$I$348,B45,'Post Plan'!$O$2:$O$348) -> 75.171189 | T45: =COUNTIFS('Post Plan'!$I$2:$I$348,B45,'Post Plan'!$B$2:$B$348,"Wave 1") -> 1 | U45: 28 | V45: Publish after its first 3 to 5 spokes so it launches with links to live content. | Y45: Not started | AA45: =COUNTIFS('Post Plan'!$I$2:$I$348,B45,'Post Plan'!$V$2:$V$348,"Published") -> 0
A46: 45 | B46: Ireland | C46: Country hub | D46: Europe | E46: Europe | F46: New pillar to create | G46: Ireland Travel Guide: Where to Eat, Drink and Explore | H46: ireland travel guide | K46: =COUNTIF('Post Plan'!$I$2:$I$348,B46) -> 2 | L46: =COUNTIFS('Post Plan'!$I$2:$I$348,$B46,'Post Plan'!$J$2:$J$348,"Eat") -> 0 | M46: =COUNTIFS('Post Plan'!$I$2:$I$348,$B46,'Post Plan'!$J$2:$J$348,"Drink") -> 0 | N46: =COUNTIFS('Post Plan'!$I$2:$I$348,$B46,'Post Plan'!$J$2:$J$348,"Explore nearby") -> 1 | O46: =COUNTIFS('Post Plan'!$I$2:$I$348,$B46,'Post Plan'!$J$2:$J$348,"See & do") -> 0 | P46: =COUNTIFS('Post Plan'!$I$2:$I$348,$B46,'Post Plan'!$J$2:$J$348,"Beaches & islands") -> 1 | Q46: =COUNTIFS('Post Plan'!$I$2:$I$348,$B46,'Post Plan'!$J$2:$J$348,"Towns, villages & nature") -> 0 | R46: =SUMIF('Post Plan'!$I$2:$I$348,B46,'Post Plan'!$M$2:$M$348) -> 1470 | S46: =SUMIF('Post Plan'!$I$2:$I$348,B46,'Post Plan'!$O$2:$O$348) -> 70.777778 | T46: =COUNTIFS('Post Plan'!$I$2:$I$348,B46,'Post Plan'!$B$2:$B$348,"Wave 1") -> 1 | U46: 38 | V46: Publish after its first 3 to 5 spokes so it launches with links to live content. Links down to child hubs: Dublin. | Y46: Not started | AA46: =COUNTIFS('Post Plan'!$I$2:$I$348,B46,'Post Plan'!$V$2:$V$348,"Published") -> 0
A47: 46 | B47: Chicago | C47: City hub | D47: North America | E47: USA | F47: Existing Chicago post | G47: Chicago Travel Guide: Where to Eat, Drink and Explore | H47: chicago travel guide | K47: =COUNTIF('Post Plan'!$I$2:$I$348,B47) -> 5 | L47: =COUNTIFS('Post Plan'!$I$2:$I$348,$B47,'Post Plan'!$J$2:$J$348,"Eat") -> 3 | M47: =COUNTIFS('Post Plan'!$I$2:$I$348,$B47,'Post Plan'!$J$2:$J$348,"Drink") -> 1 | N47: =COUNTIFS('Post Plan'!$I$2:$I$348,$B47,'Post Plan'!$J$2:$J$348,"Explore nearby") -> 1 | O47: =COUNTIFS('Post Plan'!$I$2:$I$348,$B47,'Post Plan'!$J$2:$J$348,"See & do") -> 0 | P47: =COUNTIFS('Post Plan'!$I$2:$I$348,$B47,'Post Plan'!$J$2:$J$348,"Beaches & islands") -> 0 | Q47: =COUNTIFS('Post Plan'!$I$2:$I$348,$B47,'Post Plan'!$J$2:$J$348,"Towns, villages & nature") -> 0 | R47: =SUMIF('Post Plan'!$I$2:$I$348,B47,'Post Plan'!$M$2:$M$348) -> 1520 | S47: =SUMIF('Post Plan'!$I$2:$I$348,B47,'Post Plan'!$O$2:$O$348) -> 68.4891 | T47: =COUNTIFS('Post Plan'!$I$2:$I$348,B47,'Post Plan'!$B$2:$B$348,"Wave 1") -> 1 | U47: 70 | V47: Upgrade the existing post into a hub: add a section per cluster linking to each spoke. | Y47: Not started | AA47: =COUNTIFS('Post Plan'!$I$2:$I$348,B47,'Post Plan'!$V$2:$V$348,"Published") -> 0
A48: 47 | B48: Savannah | C48: City hub | D48: North America | E48: USA | F48: New pillar to create | G48: Savannah Travel Guide: Where to Eat, Drink and Explore | H48: savannah travel guide | K48: =COUNTIF('Post Plan'!$I$2:$I$348,B48) -> 3 | L48: =COUNTIFS('Post Plan'!$I$2:$I$348,$B48,'Post Plan'!$J$2:$J$348,"Eat") -> 1 | M48: =COUNTIFS('Post Plan'!$I$2:$I$348,$B48,'Post Plan'!$J$2:$J$348,"Drink") -> 1 | N48: =COUNTIFS('Post Plan'!$I$2:$I$348,$B48,'Post Plan'!$J$2:$J$348,"Explore nearby") -> 1 | O48: =COUNTIFS('Post Plan'!$I$2:$I$348,$B48,'Post Plan'!$J$2:$J$348,"See & do") -> 0 | P48: =COUNTIFS('Post Plan'!$I$2:$I$348,$B48,'Post Plan'!$J$2:$J$348,"Beaches & islands") -> 0 | Q48: =COUNTIFS('Post Plan'!$I$2:$I$348,$B48,'Post Plan'!$J$2:$J$348,"Towns, villages & nature") -> 0 | R48: =SUMIF('Post Plan'!$I$2:$I$348,B48,'Post Plan'!$M$2:$M$348) -> 1910 | S48: =SUMIF('Post Plan'!$I$2:$I$348,B48,'Post Plan'!$O$2:$O$348) -> 67.5 | T48: =COUNTIFS('Post Plan'!$I$2:$I$348,B48,'Post Plan'!$B$2:$B$348,"Wave 1") -> 1 | U48: 45 | V48: Publish after its first 3 to 5 spokes so it launches with links to live content. | Y48: Not started | AA48: =COUNTIFS('Post Plan'!$I$2:$I$348,B48,'Post Plan'!$V$2:$V$348,"Published") -> 0
A49: 48 | B49: Dubrovnik | C49: City hub | D49: Europe | E49: Croatia | F49: New pillar to create | G49: Dubrovnik Travel Guide: Where to Eat, Drink and Explore | H49: dubrovnik travel guide | K49: =COUNTIF('Post Plan'!$I$2:$I$348,B49) -> 3 | L49: =COUNTIFS('Post Plan'!$I$2:$I$348,$B49,'Post Plan'!$J$2:$J$348,"Eat") -> 1 | M49: =COUNTIFS('Post Plan'!$I$2:$I$348,$B49,'Post Plan'!$J$2:$J$348,"Drink") -> 1 | N49: =COUNTIFS('Post Plan'!$I$2:$I$348,$B49,'Post Plan'!$J$2:$J$348,"Explore nearby") -> 0 | O49: =COUNTIFS('Post Plan'!$I$2:$I$348,$B49,'Post Plan'!$J$2:$J$348,"See & do") -> 0 | P49: =COUNTIFS('Post Plan'!$I$2:$I$348,$B49,'Post Plan'!$J$2:$J$348,"Beaches & islands") -> 1 | Q49: =COUNTIFS('Post Plan'!$I$2:$I$348,$B49,'Post Plan'!$J$2:$J$348,"Towns, villages & nature") -> 0 | R49: =SUMIF('Post Plan'!$I$2:$I$348,B49,'Post Plan'!$M$2:$M$348) -> 1410 | S49: =SUMIF('Post Plan'!$I$2:$I$348,B49,'Post Plan'!$O$2:$O$348) -> 66.342212 | T49: =COUNTIFS('Post Plan'!$I$2:$I$348,B49,'Post Plan'!$B$2:$B$348,"Wave 1") -> 1 | U49: 48 | V49: Publish after its first 3 to 5 spokes so it launches with links to live content. | Y49: Not started | AA49: =COUNTIFS('Post Plan'!$I$2:$I$348,B49,'Post Plan'!$V$2:$V$348,"Published") -> 0
A50: 49 | B50: Wales | C50: Country hub | D50: UK | E50: UK | F50: New pillar to create | G50: Wales Travel Guide: Where to Eat, Drink and Explore | H50: wales travel guide | K50: =COUNTIF('Post Plan'!$I$2:$I$348,B50) -> 3 | L50: =COUNTIFS('Post Plan'!$I$2:$I$348,$B50,'Post Plan'!$J$2:$J$348,"Eat") -> 1 | M50: =COUNTIFS('Post Plan'!$I$2:$I$348,$B50,'Post Plan'!$J$2:$J$348,"Drink") -> 0 | N50: =COUNTIFS('Post Plan'!$I$2:$I$348,$B50,'Post Plan'!$J$2:$J$348,"Explore nearby") -> 1 | O50: =COUNTIFS('Post Plan'!$I$2:$I$348,$B50,'Post Plan'!$J$2:$J$348,"See & do") -> 1 | P50: =COUNTIFS('Post Plan'!$I$2:$I$348,$B50,'Post Plan'!$J$2:$J$348,"Beaches & islands") -> 0 | Q50: =COUNTIFS('Post Plan'!$I$2:$I$348,$B50,'Post Plan'!$J$2:$J$348,"Towns, villages & nature") -> 0 | R50: =SUMIF('Post Plan'!$I$2:$I$348,B50,'Post Plan'!$M$2:$M$348) -> 1100 | S50: =SUMIF('Post Plan'!$I$2:$I$348,B50,'Post Plan'!$O$2:$O$348) -> 58.533333 | T50: =COUNTIFS('Post Plan'!$I$2:$I$348,B50,'Post Plan'!$B$2:$B$348,"Wave 1") -> 0 | U50: 111 | V50: Publish after its first 3 to 5 spokes so it launches with links to live content. | Y50: Not started | AA50: =COUNTIFS('Post Plan'!$I$2:$I$348,B50,'Post Plan'!$V$2:$V$348,"Published") -> 0
A51: 50 | B51: Ho Chi Minh City | C51: City hub | D51: Asia | E51: Vietnam | F51: New pillar to create | G51: Ho Chi Minh City Travel Guide: Where to Eat, Drink and Explore | H51: ho chi minh city travel guide | K51: =COUNTIF('Post Plan'!$I$2:$I$348,B51) -> 4 | L51: =COUNTIFS('Post Plan'!$I$2:$I$348,$B51,'Post Plan'!$J$2:$J$348,"Eat") -> 2 | M51: =COUNTIFS('Post Plan'!$I$2:$I$348,$B51,'Post Plan'!$J$2:$J$348,"Drink") -> 1 | N51: =COUNTIFS('Post Plan'!$I$2:$I$348,$B51,'Post Plan'!$J$2:$J$348,"Explore nearby") -> 1 | O51: =COUNTIFS('Post Plan'!$I$2:$I$348,$B51,'Post Plan'!$J$2:$J$348,"See & do") -> 0 | P51: =COUNTIFS('Post Plan'!$I$2:$I$348,$B51,'Post Plan'!$J$2:$J$348,"Beaches & islands") -> 0 | Q51: =COUNTIFS('Post Plan'!$I$2:$I$348,$B51,'Post Plan'!$J$2:$J$348,"Towns, villages & nature") -> 0 | R51: =SUMIF('Post Plan'!$I$2:$I$348,B51,'Post Plan'!$M$2:$M$348) -> 1270 | S51: =SUMIF('Post Plan'!$I$2:$I$348,B51,'Post Plan'!$O$2:$O$348) -> 57.232099 | T51: =COUNTIFS('Post Plan'!$I$2:$I$348,B51,'Post Plan'!$B$2:$B$348,"Wave 1") -> 0 | U51: 176 | V51: Publish after its first 3 to 5 spokes so it launches with links to live content. | Y51: Not started | AA51: =COUNTIFS('Post Plan'!$I$2:$I$348,B51,'Post Plan'!$V$2:$V$348,"Published") -> 0
A52: 51 | B52: Porto | C52: City hub | D52: Europe | E52: Portugal | F52: New pillar to create | G52: Porto Travel Guide: Where to Eat, Drink and Explore | H52: porto travel guide | K52: =COUNTIF('Post Plan'!$I$2:$I$348,B52) -> 3 | L52: =COUNTIFS('Post Plan'!$I$2:$I$348,$B52,'Post Plan'!$J$2:$J$348,"Eat") -> 2 | M52: =COUNTIFS('Post Plan'!$I$2:$I$348,$B52,'Post Plan'!$J$2:$J$348,"Drink") -> 1 | N52: =COUNTIFS('Post Plan'!$I$2:$I$348,$B52,'Post Plan'!$J$2:$J$348,"Explore nearby") -> 0 | O52: =COUNTIFS('Post Plan'!$I$2:$I$348,$B52,'Post Plan'!$J$2:$J$348,"See & do") -> 0 | P52: =COUNTIFS('Post Plan'!$I$2:$I$348,$B52,'Post Plan'!$J$2:$J$348,"Beaches & islands") -> 0 | Q52: =COUNTIFS('Post Plan'!$I$2:$I$348,$B52,'Post Plan'!$J$2:$J$348,"Towns, villages & nature") -> 0 | R52: =SUMIF('Post Plan'!$I$2:$I$348,B52,'Post Plan'!$M$2:$M$348) -> 1170 | S52: =SUMIF('Post Plan'!$I$2:$I$348,B52,'Post Plan'!$O$2:$O$348) -> 54.260047 | T52: =COUNTIFS('Post Plan'!$I$2:$I$348,B52,'Post Plan'!$B$2:$B$348,"Wave 1") -> 1 | U52: 68 | V52: Publish after its first 3 to 5 spokes so it launches with links to live content. | Y52: Not started | AA52: =COUNTIFS('Post Plan'!$I$2:$I$348,B52,'Post Plan'!$V$2:$V$348,"Published") -> 0
A53: 52 | B53: Greece | C53: Country hub | D53: Europe | E53: Europe | F53: New pillar to create | G53: Greece Travel Guide: Where to Eat, Drink and Explore | H53: greece travel guide | K53: =COUNTIF('Post Plan'!$I$2:$I$348,B53) -> 4 | L53: =COUNTIFS('Post Plan'!$I$2:$I$348,$B53,'Post Plan'!$J$2:$J$348,"Eat") -> 1 | M53: =COUNTIFS('Post Plan'!$I$2:$I$348,$B53,'Post Plan'!$J$2:$J$348,"Drink") -> 0 | N53: =COUNTIFS('Post Plan'!$I$2:$I$348,$B53,'Post Plan'!$J$2:$J$348,"Explore nearby") -> 0 | O53: =COUNTIFS('Post Plan'!$I$2:$I$348,$B53,'Post Plan'!$J$2:$J$348,"See & do") -> 1 | P53: =COUNTIFS('Post Plan'!$I$2:$I$348,$B53,'Post Plan'!$J$2:$J$348,"Beaches & islands") -> 2 | Q53: =COUNTIFS('Post Plan'!$I$2:$I$348,$B53,'Post Plan'!$J$2:$J$348,"Towns, villages & nature") -> 0 | R53: =SUMIF('Post Plan'!$I$2:$I$348,B53,'Post Plan'!$M$2:$M$348) -> 1600 | S53: =SUMIF('Post Plan'!$I$2:$I$348,B53,'Post Plan'!$O$2:$O$348) -> 52.863958 | T53: =COUNTIFS('Post Plan'!$I$2:$I$348,B53,'Post Plan'!$B$2:$B$348,"Wave 1") -> 0 | U53: 119 | V53: Publish after its first 3 to 5 spokes so it launches with links to live content. Links down to child hubs: Athens. | Y53: Not started | AA53: =COUNTIFS('Post Plan'!$I$2:$I$348,B53,'Post Plan'!$V$2:$V$348,"Published") -> 0
A54: 53 | B54: Charleston | C54: City hub | D54: North America | E54: USA | F54: New pillar to create | G54: Charleston Travel Guide: Where to Eat, Drink and Explore | H54: charleston travel guide | K54: =COUNTIF('Post Plan'!$I$2:$I$348,B54) -> 4 | L54: =COUNTIFS('Post Plan'!$I$2:$I$348,$B54,'Post Plan'!$J$2:$J$348,"Eat") -> 3 | M54: =COUNTIFS('Post Plan'!$I$2:$I$348,$B54,'Post Plan'!$J$2:$J$348,"Drink") -> 0 | N54: =COUNTIFS('Post Plan'!$I$2:$I$348,$B54,'Post Plan'!$J$2:$J$348,"Explore nearby") -> 1 | O54: =COUNTIFS('Post Plan'!$I$2:$I$348,$B54,'Post Plan'!$J$2:$J$348,"See & do") -> 0 | P54: =COUNTIFS('Post Plan'!$I$2:$I$348,$B54,'Post Plan'!$J$2:$J$348,"Beaches & islands") -> 0 | Q54: =COUNTIFS('Post Plan'!$I$2:$I$348,$B54,'Post Plan'!$J$2:$J$348,"Towns, villages & nature") -> 0 | R54: =SUMIF('Post Plan'!$I$2:$I$348,B54,'Post Plan'!$M$2:$M$348) -> 1040 | S54: =SUMIF('Post Plan'!$I$2:$I$348,B54,'Post Plan'!$O$2:$O$348) -> 52.104634 | T54: =COUNTIFS('Post Plan'!$I$2:$I$348,B54,'Post Plan'!$B$2:$B$348,"Wave 1") -> 0 | U54: 109 | V54: Publish after its first 3 to 5 spokes so it launches with links to live content. | Y54: Not started | AA54: =COUNTIFS('Post Plan'!$I$2:$I$348,B54,'Post Plan'!$V$2:$V$348,"Published") -> 0
A55: 54 | B55: Seoul | C55: City hub | D55: Asia | E55: Asia | F55: New pillar to create | G55: Seoul Travel Guide: Where to Eat, Drink and Explore | H55: seoul travel guide | K55: =COUNTIF('Post Plan'!$I$2:$I$348,B55) -> 3 | L55: =COUNTIFS('Post Plan'!$I$2:$I$348,$B55,'Post Plan'!$J$2:$J$348,"Eat") -> 2 | M55: =COUNTIFS('Post Plan'!$I$2:$I$348,$B55,'Post Plan'!$J$2:$J$348,"Drink") -> 1 | N55: =COUNTIFS('Post Plan'!$I$2:$I$348,$B55,'Post Plan'!$J$2:$J$348,"Explore nearby") -> 0 | O55: =COUNTIFS('Post Plan'!$I$2:$I$348,$B55,'Post Plan'!$J$2:$J$348,"See & do") -> 0 | P55: =COUNTIFS('Post Plan'!$I$2:$I$348,$B55,'Post Plan'!$J$2:$J$348,"Beaches & islands") -> 0 | Q55: =COUNTIFS('Post Plan'!$I$2:$I$348,$B55,'Post Plan'!$J$2:$J$348,"Towns, villages & nature") -> 0 | R55: =SUMIF('Post Plan'!$I$2:$I$348,B55,'Post Plan'!$M$2:$M$348) -> 1080 | S55: =SUMIF('Post Plan'!$I$2:$I$348,B55,'Post Plan'!$O$2:$O$348) -> 51.666667 | T55: =COUNTIFS('Post Plan'!$I$2:$I$348,B55,'Post Plan'!$B$2:$B$348,"Wave 1") -> 0 | U55: 108 | V55: Publish after its first 3 to 5 spokes so it launches with links to live content. | Y55: Not started | AA55: =COUNTIFS('Post Plan'!$I$2:$I$348,B55,'Post Plan'!$V$2:$V$348,"Published") -> 0
A56: 55 | B56: Mexico | C56: Country hub | D56: Latin America & Caribbean | E56: Latin America & Caribbean | F56: New pillar to create | G56: Mexico Travel Guide: Where to Eat, Drink and Explore | H56: mexico travel guide | K56: =COUNTIF('Post Plan'!$I$2:$I$348,B56) -> 5 | L56: =COUNTIFS('Post Plan'!$I$2:$I$348,$B56,'Post Plan'!$J$2:$J$348,"Eat") -> 2 | M56: =COUNTIFS('Post Plan'!$I$2:$I$348,$B56,'Post Plan'!$J$2:$J$348,"Drink") -> 1 | N56: =COUNTIFS('Post Plan'!$I$2:$I$348,$B56,'Post Plan'!$J$2:$J$348,"Explore nearby") -> 1 | O56: =COUNTIFS('Post Plan'!$I$2:$I$348,$B56,'Post Plan'!$J$2:$J$348,"See & do") -> 0 | P56: =COUNTIFS('Post Plan'!$I$2:$I$348,$B56,'Post Plan'!$J$2:$J$348,"Beaches & islands") -> 1 | Q56: =COUNTIFS('Post Plan'!$I$2:$I$348,$B56,'Post Plan'!$J$2:$J$348,"Towns, villages & nature") -> 0 | R56: =SUMIF('Post Plan'!$I$2:$I$348,B56,'Post Plan'!$M$2:$M$348) -> 1400 | S56: =SUMIF('Post Plan'!$I$2:$I$348,B56,'Post Plan'!$O$2:$O$348) -> 47.025452 | T56: =COUNTIFS('Post Plan'!$I$2:$I$348,B56,'Post Plan'!$B$2:$B$348,"Wave 1") -> 0 | U56: 173 | V56: Publish after its first 3 to 5 spokes so it launches with links to live content. | Y56: Not started | AA56: =COUNTIFS('Post Plan'!$I$2:$I$348,B56,'Post Plan'!$V$2:$V$348,"Published") -> 0
... A67: 66 | B67: Latin America & Caribbean | C67: Region hub | D67: Latin America & Caribbean | E67: Home / Destinations | F67: New pillar to create | G67: Latin America & Caribbean Travel Guide: Best Places to Eat, Drink and Explore | H67: latin america & caribbean travel guide | K67: =COUNTIF('Post Plan'!$I$2:$I$348,B67) -> 2 | L67: =COUNTIFS('Post Plan'!$I$2:$I$348,$B67,'Post Plan'!$J$2:$J$348,"Eat") -> 0 | M67: =COUNTIFS('Post Plan'!$I$2:$I$348,$B67,'Post Plan'!$J$2:$J$348,"Drink") -> 0 | N67: =COUNTIFS('Post Plan'!$I$2:$I$348,$B67,'Post Plan'!$J$2:$J$348,"Explore nearby") -> 0 | O67: =COUNTIFS('Post Plan'!$I$2:$I$348,$B67,'Post Plan'!$J$2:$J$348,"See & do") -> 0 | P67: =COUNTIFS('Post Plan'!$I$2:$I$348,$B67,'Post Plan'!$J$2:$J$348,"Beaches & islands") -> 2 | Q67: =COUNTIFS('Post Plan'!$I$2:$I$348,$B67,'Post Plan'!$J$2:$J$348,"Towns, villages & nature") -> 0 | R67: =SUMIF('Post Plan'!$I$2:$I$348,B67,'Post Plan'!$M$2:$M$348) -> 250 | S67: =SUMIF('Post Plan'!$I$2:$I$348,B67,'Post Plan'!$O$2:$O$348) -> 11.449275 | T67: =COUNTIFS('Post Plan'!$I$2:$I$348,B67,'Post Plan'!$B$2:$B$348,"Wave 1") -> 0 | U67: 309 | V67: Publish after its first 3 to 5 spokes so it launches with links to live content. Links down to child hubs: Mexico, Peru. | Y67: Not started | AA67: =COUNTIFS('Post Plan'!$I$2:$I$348,B67,'Post Plan'!$V$2:$V$348,"Published") -> 0
A68: 67 | B68: Japan | C68: Country hub | D68: Asia | E68: Asia | F68: Existing Japan post | G68: Japan Travel Guide: Where to Eat, Drink and Explore | H68: japan travel guide | K68: =COUNTIF('Post Plan'!$I$2:$I$348,B68) -> 0 | L68: =COUNTIFS('Post Plan'!$I$2:$I$348,$B68,'Post Plan'!$J$2:$J$348,"Eat") -> 0 | M68: =COUNTIFS('Post Plan'!$I$2:$I$348,$B68,'Post Plan'!$J$2:$J$348,"Drink") -> 0 | N68: =COUNTIFS('Post Plan'!$I$2:$I$348,$B68,'Post Plan'!$J$2:$J$348,"Explore nearby") -> 0 | O68: =COUNTIFS('Post Plan'!$I$2:$I$348,$B68,'Post Plan'!$J$2:$J$348,"See & do") -> 0 | P68: =COUNTIFS('Post Plan'!$I$2:$I$348,$B68,'Post Plan'!$J$2:$J$348,"Beaches & islands") -> 0 | Q68: =COUNTIFS('Post Plan'!$I$2:$I$348,$B68,'Post Plan'!$J$2:$J$348,"Towns, villages & nature") -> 0 | R68: =SUMIF('Post Plan'!$I$2:$I$348,B68,'Post Plan'!$M$2:$M$348) -> 0 | S68: =SUMIF('Post Plan'!$I$2:$I$348,B68,'Post Plan'!$O$2:$O$348) -> 0 | T68: =COUNTIFS('Post Plan'!$I$2:$I$348,B68,'Post Plan'!$B$2:$B$348,"Wave 1") -> 0 | V68: Upgrade the existing post into a hub: add a section per cluster linking to each spoke. Links down to child hubs: Kyoto, Osaka, Tokyo. | Y68: Not started | AA68: =COUNTIFS('Post Plan'!$I$2:$I$348,B68,'Post Plan'!$V$2:$V$348,"Published") -> 0

Sheet Cluster Map
A1: Pillar (hub) | B1: Hub type | C1: Eat | D1: Drink | E1: Explore nearby | F1: See & do | G1: Beaches & islands | H1: Towns, villages & nature | I1: Total
A2: England | B2: Country hub | C2: #115 Places to Eat in Liverpool #174 Places to Eat in Bristol #341 Places to Eat in Brighton | D2: #123 Bars in Cambridge #321 Bars in Manchester | E2: #53 Day Trips from Oxford #67 Day Trips from Bristol #83 Day Trips from Bath #89 Day Trips from York #133 Day Trips from Liverpool | G2: #142 Beaches in England #270 Beaches in Cornwall | H2: #145 Villages in England #156 Villages in the Cotswolds #157 Villages in Yorkshire #235 Villages in Cornwall | I2: =COUNTIF('Post Plan'!$I$2:$I$348,A2) -> 16
A3: Spain | B3: Country hub | C3: #32 Places to Eat in Seville #34 Pintxos Bars in San Sebastián #149 Tapas Bars in Seville #263 Foods to Try in Spain #300 Tapas Bars in Malaga | D3: #95 Bars in Malaga | E3: #21 Day Trips from Valencia #116 Day Trips from Granada | F3: #231 Hidden Gems in Spain | G3: #128 Islands in Spain #303 Beaches in Mallorca #304 Beaches in Tenerife #335 Beaches in Ibiza | H3: #286 Small Towns in Spain | I3: =COUNTIF('Post Plan'!$I$2:$I$348,A3) -> 14
A4: Europe | B4: Region hub | C4: #31 Places to Eat in Ljubljana | E4: #42 Day Trips from Salzburg #78 Day Trips from Frankfurt #211 Day Trips from Bruges | F4: #104 Hidden Gems in Europe | G4: #23 Beaches in Europe #200 Islands in Europe #223 Beaches in Cyprus #225 Beaches in Turkey #281 Beaches in Malta | H4: #209 National Parks in Europe | I4: =COUNTIF('Post Plan'!$I$2:$I$348,A4) -> 11
A5: USA | B5: Country hub | C5: #66 Places to Eat in Hilton Head #151 Places to Eat in Myrtle Beach #152 Places to Eat in Louisville #196 Places to Eat in St. Augustine #203 Places to Eat in Santa Fe #206 Places to Eat in Key West | D5: #112 Bars in Honolulu #138 Bars in Hilton Head #144 Bars in Breckenridge | E5: #80 Day Trips from Las Vegas #139 Day Trips from Los Angeles | G5: #345 Beaches in Florida | H5: #106 National Parks in the US | I5: =COUNTIF('Post Plan'!$I$2:$I$348,A5) -> 13
A6: Copenhagen | B6: City hub | C6: #2 Places to Eat in Copenhagen #11 Cafes in Copenhagen | D6: #18 Bars in Copenhagen | E6: #61 Day Trips from Copenhagen | I6: =COUNTIF('Post Plan'!$I$2:$I$348,A6) -> 4
A7: Lisbon | B7: City hub | C7: #6 Places to Eat in Lisbon #171 Places for Pastel de Nata in Lisbon #185 Cafes in Lisbon #191 Foods to Try in Lisbon #230 Brunch Spots in Lisbon | D7: #92 Bars in Lisbon #154 Rooftop Bars in Lisbon #311 Wine Bars in Lisbon | E7: #4 Day Trips from Lisbon | I7: =COUNTIF('Post Plan'!$I$2:$I$348,A7) -> 9
A8: Paris | B8: City hub | C8: #36 Foods to Try in Paris #49 Brunch Spots in Paris #188 Places to Eat in Paris #287 Street Foods to Try in Paris | D8: #62 Bars in Paris #102 Wine Bars in Paris | E8: #24 Day Trips from Paris | F8: #86 Hidden Gems in Paris | I8: =COUNTIF('Post Plan'!$I$2:$I$348,A8) -> 8
A9: Rome | B9: City hub | C9: #84 Foods to Try in Rome #97 Places to Eat in Rome #101 Cafes in Rome #269 Street Foods to Try in Rome | D9: #14 Bars in Rome #33 Rooftop Bars in Rome #271 Wine Bars in Rome | F9: #58 Hidden Gems in Rome | I9: =COUNTIF('Post Plan'!$I$2:$I$348,A9) -> 8
A10: Prague | B10: City hub | C10: #25 Places to Eat in Prague #81 Cafes in Prague #148 Foods to Try in Prague #306 Street Foods to Try in Prague | D10: #10 Pubs in Prague #73 Bars in Prague | E10: #93 Day Trips from Prague | I10: =COUNTIF('Post Plan'!$I$2:$I$348,A10) -> 7
A11: Madrid | B11: City hub | C11: #20 Places to Eat in Madrid #221 Brunch Spots in Madrid #310 Cafes in Madrid | D11: #13 Bars in Madrid #143 Rooftop Bars in Madrid | E11: #19 Day Trips from Madrid | I11: =COUNTIF('Post Plan'!$I$2:$I$348,A11) -> 6
A12: Edinburgh | B12: City hub | C12: #158 Afternoon Teas in Edinburgh #159 Fish and Chip Shops in Edinburgh #254 Cafes in Edinburgh #344 Places to Eat in Edinburgh | D12: #87 Bars in Edinburgh #323 Whisky Bars in Edinburgh #336 Pubs in Edinburgh | E12: #1 Day Trips from Edinburgh | I12: =COUNTIF('Post Plan'!$I$2:$I$348,A12) -> 8
A13: Osaka | B13: City hub | C13: #17 Places to Eat in Osaka #125 Ramen Shops in Osaka #155 Sushi Spots in Osaka #276 Foods to Try in Osaka | D13: #212 Bars in Osaka | E13: #9 Day Trips from Osaka | F13: #343 Things to Do in Osaka | I13: =COUNTIF('Post Plan'!$I$2:$I$348,A13) -> 7
A14: Tokyo | B14: City hub | C14: #146 Cafes in Tokyo #162 Places to Eat in Tokyo #195 Street Foods to Try in Tokyo #238 Foods to Try in Tokyo | D14: #82 Bars in Tokyo | E14: #3 Day Trips from Tokyo | I14: =COUNTIF('Post Plan'!$I$2:$I$348,A14) -> 6
A15: Italy | B15: Country hub | C15: #205 Foods to Try in Italy #250 Places to Eat in Bologna | E15: #30 Day Trips from Bologna #136 Day Trips from Sorrento #260 Day Trips from Milan | F15: #57 Hidden Gems in Italy | G15: #240 Islands in Italy #284 Beaches in Italy #325 Beaches in Sardinia | H15: #207 Small Towns in Italy | I15: =COUNTIF('Post Plan'!$I$2:$I$348,A15) -> 10
A16: Bangkok | B16: City hub | C16: #59 Places to Eat in Bangkok #74 Night Markets in Bangkok #181 Street Foods to Try in Bangkok #201 Places for Pad Thai in Bangkok #292 Cafes in Bangkok | D16: #40 Bars in Bangkok | E16: #124 Day Trips from Bangkok | I16: =COUNTIF('Post Plan'!$I$2:$I$348,A16) -> 7
A17: London | B17: City hub | C17: #118 Brunch Spots in London #241 Street Foods to Try in London #248 Food Markets in London #268 Cafes in London #291 Places to Eat in London #328 Afternoon Teas in London | D17: #278 Rooftop Bars in London #346 Pubs in London | E17: #7 Day Trips from London #72 Weekend Getaways from London | I17: =COUNTIF('Post Plan'!$I$2:$I$348,A17) -> 10
A18: Barcelona | B18: City hub | C18: #8 Places to Eat in Barcelona #193 Cafes in Barcelona | D18: #189 Rooftop Bars in Barcelona #192 Bars in Barcelona | E18: #65 Day Trips from Barcelona | G18: #147 Beaches in Barcelona | I18: =COUNTIF('Post Plan'!$I$2:$I$348,A18) -> 6
A19: Florence | B19: City hub | C19: #29 Places to Eat in Florence #44 Places for Pasta in Florence #135 Cafes in Florence | D19: #35 Bars in Florence #232 Rooftop Bars in Florence | I19: =COUNTIF('Post Plan'!$I$2:$I$348,A19) -> 5
A20: Venice | B20: City hub | C20: #55 Gelato Shops in Venice #64 Places to Eat in Venice #75 Cafes in Venice #168 Foods to Try in Venice | E20: #85 Day Trips from Venice | F20: #275 Hidden Gems in Venice | I20: =COUNTIF('Post Plan'!$I$2:$I$348,A20) -> 6
A21: Amsterdam | B21: City hub | C21: #88 Foods to Try in Amsterdam #177 Street Foods to Try in Amsterdam #199 Places to Eat in Amsterdam #246 Brunch Spots in Amsterdam | D21: #167 Bars in Amsterdam | E21: #15 Day Trips from Amsterdam | I21: =COUNTIF('Post Plan'!$I$2:$I$348,A21) -> 6
A22: Singapore | B22: Country hub | C22: #37 Places to Eat in Singapore #208 Cafes in Singapore #264 Street Foods to Try in Singapore #320 Foods to Try in Singapore #324 Brunch Spots in Singapore | D22: #22 Bars in Singapore | E22: #243 Day Trips from Singapore | I22: =COUNTIF('Post Plan'!$I$2:$I$348,A22) -> 7
A23: Nashville | B23: City hub | C23: #26 Places to Eat in Nashville #76 Cafes in Nashville #140 Brunch Spots in Nashville #329 Hot Chicken Spots in Nashville | D23: #186 Bars in Nashville | F23: #313 Things to Do in Nashville | I23: =COUNTIF('Post Plan'!$I$2:$I$348,A23) -> 6
A24: Athens | B24: City hub | C24: #50 Places to Eat in Athens #141 Brunch Spots in Athens #288 Cafes in Athens | D24: #164 Bars in Athens #249 Rooftop Bars in Athens | E24: #71 Day Trips from Athens | I24: =COUNTIF('Post Plan'!$I$2:$I$348,A24) -> 6
A25: Berlin | B25: City hub | C25: #5 Places to Eat in Berlin #127 Cafes in Berlin | D25: #99 Bars in Berlin | I25: =COUNTIF('Post Plan'!$I$2:$I$348,A25) -> 3
A26: New York | B26: City hub | C26: #229 Cafes in New York #237 Brunch Spots in New York #307 Places to Eat in New York #333 Street Foods to Try in New York | D26: #69 Bars in New York #120 Rooftop Bars in New York | E26: #91 Day Trips from New York | I26: =COUNTIF('Post Plan'!$I$2:$I$348,A26) -> 7
A27: Budapest | B27: City hub | C27: #16 Places to Eat in Budapest #54 Cafes in Budapest | D27: #179 Bars in Budapest | I27: =COUNTIF('Post Plan'!$I$2:$I$348,A27) -> 3
A28: Munich | B28: City hub | D28: #27 Beer Halls & Beer Gardens in Munich #137 Bars in Munich | E28: #52 Day Trips from Munich | I28: =COUNTIF('Post Plan'!$I$2:$I$348,A28) -> 3
A29: New Orleans | B29: City hub | C29: #113 Places for Beignets in New Orleans #126 Places to Eat in New Orleans #160 Foods to Try in New Orleans #239 Brunch Spots in New Orleans #322 Cafes in New Orleans | D29: #296 Bars in New Orleans #326 Rooftop Bars in New Orleans | F29: #169 Hidden Gems in New Orleans | I29: =COUNTIF('Post Plan'!$I$2:$I$348,A29) -> 8
A30: Dublin | B30: City hub | C30: #77 Brunch Spots in Dublin #114 Places to Eat in Dublin #163 Cafes in Dublin | D30: #107 Bars in Dublin | I30: =COUNTIF('Post Plan'!$I$2:$I$348,A30) -> 4
A31: Kyoto | B31: City hub | C31: #12 Places to Eat in Kyoto #204 Foods to Try in Kyoto | E31: #134 Day Trips from Kyoto | F31: #314 Things to Do in Kyoto | I31: =COUNTIF('Post Plan'!$I$2:$I$348,A31) -> 4
A32: Asia | B32: Region hub | C32: #117 Places to Eat in Bali #190 Places to Eat in Taipei | E32: #121 Day Trips from Taipei | G32: #197 Beaches in Malaysia #217 Beaches in Sri Lanka #218 Beaches in Indonesia | I32: =COUNTIF('Post Plan'!$I$2:$I$348,A32) -> 6
A33: Canada | B33: Country hub | C33: #293 Places to Eat in Montreal #297 Places to Eat in Quebec City | D33: #122 Bars in Vancouver | E33: #94 Day Trips from Montreal #165 Day Trips from Toronto #175 Day Trips from Vancouver | I33: =COUNTIF('Post Plan'!$I$2:$I$348,A33) -> 6
A34: Croatia | B34: Country hub | E34: #96 Day Trips from Split | F34: #150 Places to Visit in Croatia | G34: #51 Islands in Croatia #213 Beaches in Croatia | I34: =COUNTIF('Post Plan'!$I$2:$I$348,A34) -> 4
A35: Glasgow | B35: City hub | C35: #56 Places to Eat in Glasgow | D35: #224 Pubs in Glasgow #282 Bars in Glasgow | E35: #39 Day Trips from Glasgow | I35: =COUNTIF('Post Plan'!$I$2:$I$348,A35) -> 4
A36: Scotland | B36: Country hub | E36: #110 Day Trips from Inverness #266 Day Trips from Aberdeen #316 Day Trips from Fort William | F36: #161 Hidden Gems in Scotland #347 Places to Visit in Scotland | G36: #255 Beaches in Scotland #258 Islands in Scotland | H36: #172 Towns in Scotland | I36: =COUNTIF('Post Plan'!$I$2:$I$348,A36) -> 8
A37: Istanbul | B37: City hub | C37: #90 Places to Eat in Istanbul #256 Kebab Spots in Istanbul #339 Street Foods to Try in Istanbul | D37: #178 Bars in Istanbul | E37: #105 Day Trips from Istanbul | I37: =COUNTIF('Post Plan'!$I$2:$I$348,A37) -> 5
A38: Vienna | B38: City hub | C38: #46 Places to Eat in Vienna #257 Foods to Try in Vienna | D38: #63 Bars in Vienna | I38: =COUNTIF('Post Plan'!$I$2:$I$348,A38) -> 3
A39: France | B39: Country hub | C39: #285 Foods to Try in France | E39: #60 Day Trips from Nice #132 Day Trips from Bordeaux | F39: #265 Hidden Gems in France | H39: #295 Small Towns in France | I39: =COUNTIF('Post Plan'!$I$2:$I$348,A39) -> 5
A40: Hanoi | B40: City hub | C40: #43 Places to Eat in Hanoi #220 Cafes in Hanoi #233 Pho Spots in Hanoi #301 Banh Mi Spots in Hanoi | D40: #252 Bars in Hanoi | I40: =COUNTIF('Post Plan'!$I$2:$I$348,A40) -> 5
A41: Australia | B41: Country hub | C41: #234 Cafes in Melbourne | E41: #130 Day Trips from Sydney #202 Day Trips from Melbourne | G41: #98 Beaches in Australia | I41: =COUNTIF('Post Plan'!$I$2:$I$348,A41) -> 4
A42: Switzerland | B42: Country hub | E42: #79 Day Trips from Lucerne #103 Day Trips from Zurich #182 Day Trips from Interlaken | I42: =COUNTIF('Post Plan'!$I$2:$I$348,A42) -> 3
A43: UK | B43: Country hub | C43: #251 Places to Eat in Belfast | E43: #227 Day Trips from Belfast | F43: #41 Christmas Markets in the UK | I43: =COUNTIF('Post Plan'!$I$2:$I$348,A43) -> 3
A44: Naples | B44: City hub | C44: #184 Places to Eat in Naples | D44: #100 Bars in Naples | E44: #131 Day Trips from Naples | I44: =COUNTIF('Post Plan'!$I$2:$I$348,A44) -> 3
A45: Krakow | B45: City hub | C45: #259 Places to Eat in Krakow | D45: #273 Bars in Krakow | E45: #28 Day Trips from Krakow | I45: =COUNTIF('Post Plan'!$I$2:$I$348,A45) -> 3
A46: Ireland | B46: Country hub | E46: #153 Day Trips from Cork | G46: #38 Beaches in Ireland | I46: =COUNTIF('Post Plan'!$I$2:$I$348,A46) -> 2
A47: Chicago | B47: City hub | C47: #70 Brunch Spots in Chicago #274 Street Foods to Try in Chicago #330 Cafes in Chicago | D47: #315 Bars in Chicago | E47: #244 Day Trips from Chicago | I47: =COUNTIF('Post Plan'!$I$2:$I$348,A47) -> 5
A48: Savannah | B48: City hub | C48: #45 Places to Eat in Savannah | D48: #337 Rooftop Bars in Savannah | E48: #180 Day Trips from Savannah | I48: =COUNTIF('Post Plan'!$I$2:$I$348,A48) -> 3
A49: Dubrovnik | B49: City hub | C49: #194 Places to Eat in Dubrovnik | D49: #317 Bars in Dubrovnik | G49: #48 Beaches in Dubrovnik | I49: =COUNTIF('Post Plan'!$I$2:$I$348,A49) -> 3
A50: Wales | B50: Country hub | C50: #170 Places to Eat in Cardiff | E50: #111 Day Trips from Cardiff | F50: #261 Hidden Gems in Wales | I50: =COUNTIF('Post Plan'!$I$2:$I$348,A50) -> 3
A51: Ho Chi Minh City | B51: City hub | C51: #176 Places to Eat in Ho Chi Minh City #222 Pho Spots in Ho Chi Minh City | D51: #267 Bars in Ho Chi Minh City | E51: #187 Day Trips from Ho Chi Minh City | I51: =COUNTIF('Post Plan'!$I$2:$I$348,A51) -> 4
A52: Porto | B52: City hub | C52: #68 Places to Eat in Porto #299 Cafes in Porto | D52: #294 Bars in Porto | I52: =COUNTIF('Post Plan'!$I$2:$I$348,A52) -> 3
A53: Greece | B53: Country hub | C53: #226 Foods to Try in Greece | F53: #331 Hidden Gems in Greece | G53: #119 Beaches in Greece #302 Beaches in Crete | I53: =COUNTIF('Post Plan'!$I$2:$I$348,A53) -> 4
A54: Charleston | B54: City hub | C54: #216 Places to Eat in Charleston #318 Brunch Spots in Charleston #342 Seafood Restaurants in Charleston | E54: #109 Day Trips from Charleston | I54: =COUNTIF('Post Plan'!$I$2:$I$348,A54) -> 4
A55: Seoul | B55: City hub | C55: #108 Places to Eat in Seoul #305 Foods to Try in Seoul | D55: #210 Bars in Seoul | I55: =COUNTIF('Post Plan'!$I$2:$I$348,A55) -> 3
A56: Mexico | B56: Country hub | C56: #247 Street Foods to Try in Mexico City #338 Foods to Try in Mexico | D56: #289 Rooftop Bars in Mexico City | E56: #173 Day Trips from Cancun | G56: #327 Beaches in Mexico | I56: =COUNTIF('Post Plan'!$I$2:$I$348,A56) -> 5
A57: Hong Kong | B57: Country hub | C57: #245 Places to Eat in Hong Kong #283 Foods to Try in Hong Kong | D57: #219 Bars in Hong Kong | E57: #214 Day Trips from Hong Kong | I57: =COUNTIF('Post Plan'!$I$2:$I$348,A57) -> 4
A58: San Francisco | B58: City hub | C58: #279 Brunch Spots in San Francisco #280 Places to Eat in San Francisco | D58: #198 Bars in San Francisco | E58: #340 Day Trips from San Francisco | F58: #277 Things to Do in San Francisco | I58: =COUNTIF('Post Plan'!$I$2:$I$348,A58) -> 5
A59: Vietnam | B59: Country hub | C59: #47 Places to Eat in Hoi An | I59: =COUNTIF('Post Plan'!$I$2:$I$348,A59) -> 1
A60: Africa & Middle East | B60: Region hub | C60: #183 Places to Eat in Dubai | E60: #215 Day Trips from Cairo #262 Day Trips from Cape Town | I60: =COUNTIF('Post Plan'!$I$2:$I$348,A60) -> 3
A61: Peru | B61: Country hub | C61: #236 Places to Eat in Lima | E61: #166 Day Trips from Cusco | I61: =COUNTIF('Post Plan'!$I$2:$I$348,A61) -> 2
A62: Global | B62: Region hub | D62: #129 Cocktail Bars in the World | I62: =COUNTIF('Post Plan'!$I$2:$I$348,A62) -> 1
A63: Austin | B63: City hub | C63: #312 Places to Eat in Austin | D63: #253 Bars in Austin | E63: #298 Day Trips from Austin | I63: =COUNTIF('Post Plan'!$I$2:$I$348,A63) -> 3
A64: Miami | B64: City hub | C64: #228 Brunch Spots in Miami #309 Places to Eat in Miami | G64: #332 Beaches in Miami | I64: =COUNTIF('Post Plan'!$I$2:$I$348,A64) -> 3
A65: Portugal | B65: Country hub | C65: #242 Foods to Try in Portugal | G65: #290 Beaches in Portugal | I65: =COUNTIF('Post Plan'!$I$2:$I$348,A65) -> 2
A66: Thailand | B66: Country hub | C66: #272 Places to Eat in Chiang Mai | E66: #319 Day Trips from Chiang Mai | I66: =COUNTIF('Post Plan'!$I$2:$I$348,A66) -> 2
A67: Latin America & Caribbean | B67: Region hub | G67: #308 Islands in the Caribbean #334 Beaches in the Caribbean | I67: =COUNTIF('Post Plan'!$I$2:$I$348,A67) -> 2
A68: Japan | B68: Country hub | I68: =COUNTIF('Post Plan'!$I$2:$I$348,A68) -> 0

Sheet Post Plan
A1: Rank | B1: Wave | C1: Post title | D1: Primary keyword | E1: Category | F1: Topic type | G1: Place | H1: Country | I1: Pillar (hub) | J1: Cluster | K1: US volume | L1: UK volume | M1: Total volume | N1: Weighted KD | O1: Winnability score | P1: Tier | Q1: Secondary keywords (same post) | R1: Stretch head terms (KD > 40) | S1: Internal links (pillar + siblings) | T1: Existing post note | U1: Data flag | V1: Status | W1: Writer | X1: Target publish date | Y1: Published URL | Z1: Notes
A2: 1 | B2: Wave 1 | C2: Top 10 Day Trips from Edinburgh | D2: day trips from edinburgh | E2: Place | F2: Day trips | G2: Edinburgh | H2: Scotland | I2: Edinburgh | J2: Explore nearby | K2: 1330 | L2: 880 | M2: =K2+L2 -> 2210 | N2: 6.3 | O2: =IF(N2<=35,1,0.25)*M2/(N2+10)*IF(ISNUMBER(SEARCH("KD mismatch",U2)),0.25,1) -> 135.58282 | P2: =IF(N2<=10,"Quick win",IF(N2<=20,"Strong",IF(N2<=35,"Moderate","Stretch"))) -> Quick win | Q2: best day trips from edinburgh scotland | S2: Pillar: Edinburgh hub; #87 Top 10 Bars in Edinburgh; #158 Top 10 Afternoon Teas in Edinburgh | T2: Related existing post (Edinburgh): new angle, interlink both ways | V2: In review | Z2: Draft written: posts/top-10-day-trips-from-edinburgh.md. Content only, internal links to do. Check: Remaining ScotRail timings; Tantallon, Culross, Falkirk Wheel seasons.
A3: 2 | B3: Wave 1 | C3: Top 10 Places to Eat in Copenhagen | D3: where to eat in copenhagen | E3: Food & drink | F3: Where to eat | G3: Copenhagen | H3: Denmark | I3: Copenhagen | J3: Eat | K3: 1040 | L3: 1170 | M3: =K3+L3 -> 2210 | N3: 7.8 | O3: =IF(N3<=35,1,0.25)*M3/(N3+10)*IF(ISNUMBER(SEARCH("KD mismatch",U3)),0.25,1) -> 124.1573 | P3: =IF(N3<=10,"Quick win",IF(N3<=20,"Strong",IF(N3<=35,"Moderate","Stretch"))) -> Quick win | Q3: best places to eat in copenhagen; best food in copenhagen; best restaurants in copenhagen | R3: best restaurants in copenhagen (US 1100/KD61) | S3: Pillar: Copenhagen hub; #11 Top 10 Cafes in Copenhagen; #18 Top 10 Bars in Copenhagen | V3: In review | Z3: Draft written: posts/top-10-places-to-eat-in-copenhagen.md. Content only, internal links to do. Check: Confirm all 10 venues still trading, Reffen season, Alchemist booking window.
A4: 3 | B4: Wave 1 | C4: Top 10 Day Trips from Tokyo | D4: day trips from tokyo | E4: Place | F4: Day trips | G4: Tokyo | H4: Japan | I4: Tokyo | J4: Explore nearby | K4: 1600 | L4: 30 | M4: =K4+L4 -> 1630 | N4: 5.9 | O4: =IF(N4<=35,1,0.25)*M4/(N4+10)*IF(ISNUMBER(SEARCH("KD mismatch",U4)),0.25,1) -> 102.51572 | P4: =IF(N4<=10,"Quick win",IF(N4<=20,"Strong",IF(N4<=35,"Moderate","Stretch"))) -> Quick win | Q4: day trip from tokyo | S4: Pillar: Tokyo hub; #82 Top 10 Bars in Tokyo; #146 Top 10 Cafes in Tokyo | T4: Related existing post (Tokyo): new angle, interlink both ways | V4: In review | Z4: Draft written: posts/top-10-day-trips-from-tokyo.md. Content only, internal links to do. Check: Confirm journey times on Japan Transit Planner; Hakone Free Pass and Tobu pass terms.
A5: 4 | B5: Wave 1 | C5: Top 10 Day Trips from Lisbon | D5: day trips from lisbon | E5: Place | F5: Day trips | G5: Lisbon | H5: Portugal | I5: Lisbon | J5: Explore nearby | K5: 1400 | L5: 0 | M5: =K5+L5 -> 1400 | N5: 6 | O5: =IF(N5<=35,1,0.25)*M5/(N5+10)*IF(ISNUMBER(SEARCH("KD mismatch",U5)),0.25,1) -> 87.5 | P5: =IF(N5<=10,"Quick win",IF(N5<=20,"Strong",IF(N5<=35,"Moderate","Stretch"))) -> Quick win | Q5: best day trips from lisbon | S5: Pillar: Lisbon hub; #6 Top 10 Places to Eat in Lisbon; #92 Top 10 Bars in Lisbon | V5: In review | Z5: Draft written: posts/top-10-day-trips-from-lisbon.md. Content only, internal links to do. Check: Confirm CP times; Sintra palace ticketing; Arrábida summer access rules.
A6: 5 | B6: Wave 1 | C6: Top 10 Places to Eat in Berlin | D6: best places to eat in berlin | E6: Food & drink | F6: Where to eat | G6: Berlin | H6: Germany | I6: Berlin | J6: Eat | K6: 520 | L6: 820 | M6: =K6+L6 -> 1340 | N6: 6.3 | O6: =IF(N6<=35,1,0.25)*M6/(N6+10)*IF(ISNUMBER(SEARCH("KD mismatch",U6)),0.25,1) -> 82.208589 | P6: =IF(N6<=10,"Quick win",IF(N6<=20,"Strong",IF(N6<=35,"Moderate","Stretch"))) -> Quick win | Q6: best food in berlin; best restaurants in berlin | S6: Pillar: Berlin hub; #127 Top 10 Cafes in Berlin; #99 Top 10 Bars in Berlin | U6: Recent volume spike, verify before prioritising | V6: Not started
A7: 6 | B7: Wave 1 | C7: Top 10 Places to Eat in Lisbon | D7: where to eat in lisbon | E7: Food & drink | F7: Where to eat | G7: Lisbon | H7: Portugal | I7: Lisbon | J7: Eat | K7: 900 | L7: 340 | M7: =K7+L7 -> 1240 | N7: 6.2 | O7: =IF(N7<=35,1,0.25)*M7/(N7+10)*IF(ISNUMBER(SEARCH("KD mismatch",U7)),0.25,1) -> 76.54321 | P7: =IF(N7<=10,"Quick win",IF(N7<=20,"Strong",IF(N7<=35,"Moderate","Stretch"))) -> Quick win | Q7: best places to eat in lisbon; best restaurants in lisbon | S7: Pillar: Lisbon hub; #171 Top 10 Places for Pastel de Nata in Lisbon; #185 Top 10 Cafes in Lisbon | V7: In review | Z7: Draft written: posts/top-10-places-to-eat-in-lisbon.md. Content only, internal links to do. Check: Confirm venues trading; Taberna da Rua das Flores booking policy.
A8: 7 | B8: Wave 1 | C8: Top 10 Day Trips from London | D8: best day trips from london | E8: Place | F8: Day trips | G8: London | H8: England | I8: London | J8: Explore nearby | K8: 760 | L8: 570 | M8: =K8+L8 -> 1330 | N8: 7.4 | O8: =IF(N8<=35,1,0.25)*M8/(N8+10)*IF(ISNUMBER(SEARCH("KD mismatch",U8)),0.25,1) -> 76.436782 | P8: =IF(N8<=10,"Quick win",IF(N8<=20,"Strong",IF(N8<=35,"Moderate","Stretch"))) -> Quick win | Q8: day trips from london | R8: day trips from london (US 2900/KD59) | S8: Pillar: London hub; #72 Top 10 Weekend Getaways from London; #118 Top 10 Brunch Spots in London | T8: Related existing post (London): new angle, interlink both ways | V8: In review | Z8: Draft written: posts/top-10-day-trips-from-london.md. Content only, internal links to do. Check: Confirm National Rail times; Windsor guard schedule; Stonehenge booking.
A9: 8 | B9: Wave 1 | C9: Top 10 Places to Eat in Barcelona | D9: best places to eat in barcelona | E9: Food & drink | F9: Where to eat | G9: Barcelona | H9: Spain | I9: Barcelona | J9: Eat | K9: 910 | L9: 470 | M9: =K9+L9 -> 1380 | N9: 8.3 | O9: =IF(N9<=35,1,0.25)*M9/(N9+10)*IF(ISNUMBER(SEARCH("KD mismatch",U9)),0.25,1) -> 75.409836 | P9: =IF(N9<=10,"Quick win",IF(N9<=20,"Strong",IF(N9<=35,"Moderate","Stretch"))) -> Quick win | Q9: best restaurants in barcelona; best food in barcelona | S9: Pillar: Barcelona hub; #193 Top 10 Cafes in Barcelona; #65 Top 10 Day Trips from Barcelona | T9: Related existing post (Barcelona): new angle, interlink both ways | U9: Recent volume spike, verify before prioritising | V9: Not started
A10: 9 | B10: Wave 1 | C10: Top 10 Day Trips from Osaka | D10: day trips from osaka | E10: Place | F10: Day trips | G10: Osaka | H10: Japan | I10: Osaka | J10: Explore nearby | K10: 660 | L10: 480 | M10: =K10+L10 -> 1140 | N10: 5.6 | O10: =IF(N10<=35,1,0.25)*M10/(N10+10)*IF(ISNUMBER(SEARCH("KD mismatch",U10)),0.25,1) -> 73.076923 | P10: =IF(N10<=10,"Quick win",IF(N10<=20,"Strong",IF(N10<=35,"Moderate","Stretch"))) -> Quick win | S10: Pillar: Osaka hub; #17 Top 10 Places to Eat in Osaka; #125 Top 10 Ramen Shops in Osaka | U10: Recent volume spike, verify before prioritising | V10: Not started
A11: 10 | B11: Wave 1 | C11: Top 10 Pubs in Prague | D11: best pubs in prague | E11: Food & drink | F11: Pubs & beer | G11: Prague | H11: Czechia | I11: Prague | J11: Drink | K11: 350 | L11: 800 | M11: =K11+L11 -> 1150 | N11: 6.3 | O11: =IF(N11<=35,1,0.25)*M11/(N11+10)*IF(ISNUMBER(SEARCH("KD mismatch",U11)),0.25,1) -> 70.552147 | P11: =IF(N11<=10,"Quick win",IF(N11<=20,"Strong",IF(N11<=35,"Moderate","Stretch"))) -> Quick win | Q11: best beer in prague | S11: Pillar: Prague hub; #73 Top 10 Bars in Prague; #25 Top 10 Places to Eat in Prague | U11: Recent volume spike, verify before prioritising | V11: Not started
A12: 11 | B12: Wave 1 | C12: Top 10 Cafes in Copenhagen | D12: best cafes in copenhagen | E12: Food & drink | F12: Cafes | G12: Copenhagen | H12: Denmark | I12: Copenhagen | J12: Eat | K12: 480 | L12: 590 | M12: =K12+L12 -> 1070 | N12: 5.4 | O12: =IF(N12<=35,1,0.25)*M12/(N12+10)*IF(ISNUMBER(SEARCH("KD mismatch",U12)),0.25,1) -> 69.480519 | P12: =IF(N12<=10,"Quick win",IF(N12<=20,"Strong",IF(N12<=35,"Moderate","Stretch"))) -> Quick win | S12: Pillar: Copenhagen hub; #2 Top 10 Places to Eat in Copenhagen; #18 Top 10 Bars in Copenhagen | U12: Recent volume spike, verify before prioritising | V12: Not started
A13: 12 | B13: Wave 1 | C13: Top 10 Places to Eat in Kyoto | D13: best food in kyoto | E13: Food & drink | F13: Where to eat | G13: Kyoto | H13: Japan | I13: Kyoto | J13: Eat | K13: 850 | L13: 550 | M13: =K13+L13 -> 1400 | N13: 10.2 | O13: =IF(N13<=35,1,0.25)*M13/(N13+10)*IF(ISNUMBER(SEARCH("KD mismatch",U13)),0.25,1) -> 69.306931 | P13: =IF(N13<=10,"Quick win",IF(N13<=20,"Strong",IF(N13<=35,"Moderate","Stretch"))) -> Strong | Q13: best restaurants in kyoto; best places to eat in kyoto | S13: Pillar: Kyoto hub; #204 Top 10 Foods to Try in Kyoto; #134 Top 10 Day Trips from Kyoto | U13: Recent volume spike, verify before prioritising | V13: Not started
A14: 13 | B14: Wave 1 | C14: Top 10 Bars in Madrid | D14: best bars in madrid | E14: Food & drink | F14: Bars & cocktail bars | G14: Madrid | H14: Spain | I14: Madrid | J14: Drink | K14: 760 | L14: 680 | M14: =K14+L14 -> 1440 | N14: 11 | O14: =IF(N14<=35,1,0.25)*M14/(N14+10)*IF(ISNUMBER(SEARCH("KD mismatch",U14)),0.25,1) -> 68.571429 | P14: =IF(N14<=10,"Quick win",IF(N14<=20,"Strong",IF(N14<=35,"Moderate","Stretch"))) -> Strong | Q14: best cocktail bars in madrid | S14: Pillar: Madrid hub; #143 Top 10 Rooftop Bars in Madrid; #19 Top 10 Day Trips from Madrid | U14: Recent volume spike, verify before prioritising | V14: Not started
A15: 14 | B15: Wave 1 | C15: Top 10 Bars in Rome | D15: best bars in rome | E15: Food & drink | F15: Bars & cocktail bars | G15: Rome | H15: Italy | I15: Rome | J15: Drink | K15: 590 | L15: 590 | M15: =K15+L15 -> 1180 | N15: 7.5 | O15: =IF(N15<=35,1,0.25)*M15/(N15+10)*IF(ISNUMBER(SEARCH("KD mismatch",U15)),0.25,1) -> 67.428571 | P15: =IF(N15<=10,"Quick win",IF(N15<=20,"Strong",IF(N15<=35,"Moderate","Stretch"))) -> Quick win | S15: Pillar: Rome hub; #33 Top 10 Rooftop Bars in Rome; #271 Top 10 Wine Bars in Rome | U15: Recent volume spike, verify before prioritising | V15: Not started
A16: 15 | B16: Wave 1 | C16: Top 10 Day Trips from Amsterdam | D16: best day trips from amsterdam | E16: Place | F16: Day trips | G16: Amsterdam | H16: Netherlands | I16: Amsterdam | J16: Explore nearby | K16: 1070 | L16: 0 | M16: =K16+L16 -> 1070 | N16: 6 | O16: =IF(N16<=35,1,0.25)*M16/(N16+10)*IF(ISNUMBER(SEARCH("KD mismatch",U16)),0.25,1) -> 66.875 | P16: =IF(N16<=10,"Quick win",IF(N16<=20,"Strong",IF(N16<=35,"Moderate","Stretch"))) -> Quick win | Q16: day trips from amsterdam | S16: Pillar: Amsterdam hub; #88 Top 10 Foods to Try in Amsterdam; #167 Top 10 Bars in Amsterdam | T16: Related existing post (Amsterdam): new angle, interlink both ways | V16: In review | Z16: Draft written: posts/top-10-day-trips-from-amsterdam.md. Content only, internal links to do. Check: Confirm Keukenhof dates for the year; Dom Tower tour booking; Binnenhof renovation status.
A17: 16 | B17: Wave 1 | C17: Top 10 Places to Eat in Budapest | D17: best food in budapest | E17: Food & drink | F17: Where to eat | G17: Budapest | H17: Hungary | I17: Budapest | J17: Eat | K17: 660 | L17: 530 | M17: =K17+L17 -> 1190 | N17: 7.8 | O17: =IF(N17<=35,1,0.25)*M17/(N17+10)*IF(ISNUMBER(SEARCH("KD mismatch",U17)),0.25,1) -> 66.853933 | P17: =IF(N17<=10,"Quick win",IF(N17<=20,"Strong",IF(N17<=35,"Moderate","Stretch"))) -> Quick win | Q17: best restaurants in budapest; best places to eat in budapest | S17: Pillar: Budapest hub; #54 Top 10 Cafes in Budapest; #179 Top 10 Bars in Budapest | V17: In review | Z17: Draft written: posts/top-10-places-to-eat-in-budapest.md. Content only, internal links to do. Check: Confirm venues trading; Great Market Hall Sunday closure; service-charge wording.
A18: 17 | B18: Wave 1 | C18: Top 10 Places to Eat in Osaka | D18: best food in osaka | E18: Food & drink | F18: Where to eat | G18: Osaka | H18: Japan | I18: Osaka | J18: Eat | K18: 800 | L18: 310 | M18: =K18+L18 -> 1110 | N18: 6.9 | O18: =IF(N18<=35,1,0.25)*M18/(N18+10)*IF(ISNUMBER(SEARCH("KD mismatch",U18)),0.25,1) -> 65.680473 | P18: =IF(N18<=10,"Quick win",IF(N18<=20,"Strong",IF(N18<=35,"Moderate","Stretch"))) -> Quick win | Q18: best places to eat in osaka; best restaurants in osaka | S18: Pillar: Osaka hub; #125 Top 10 Ramen Shops in Osaka; #155 Top 10 Sushi Spots in Osaka | V18: In review | Z18: Draft written: posts/top-10-places-to-eat-in-osaka.md. Content only, internal links to do. Check: Confirm opening days (Endo Sushi, market closures), branch locations for Wanaka and Daruma.
A19: 18 | B19: Wave 1 | C19: Top 10 Bars in Copenhagen | D19: best bars in copenhagen | E19: Food & drink | F19: Bars & cocktail bars | G19: Copenhagen | H19: Denmark | I19: Copenhagen | J19: Drink | K19: 390 | L19: 590 | M19: =K19+L19 -> 980 | N19: 5 | O19: =IF(N19<=35,1,0.25)*M19/(N19+10)*IF(ISNUMBER(SEARCH("KD mismatch",U19)),0.25,1) -> 65.333333 | P19: =IF(N19<=10,"Quick win",IF(N19<=20,"Strong",IF(N19<=35,"Moderate","Stretch"))) -> Quick win | S19: Pillar: Copenhagen hub; #2 Top 10 Places to Eat in Copenhagen; #11 Top 10 Cafes in Copenhagen | U19: Recent volume spike, verify before prioritising | V19: Not started
A20: 19 | B20: Wave 1 | C20: Top 10 Day Trips from Madrid | D20: day trips from madrid | E20: Place | F20: Day trips | G20: Madrid | H20: Spain | I20: Madrid | J20: Explore nearby | K20: 480 | L20: 590 | M20: =K20+L20 -> 1070 | N20: 6.4 | O20: =IF(N20<=35,1,0.25)*M20/(N20+10)*IF(ISNUMBER(SEARCH("KD mismatch",U20)),0.25,1) -> 65.243902 | P20: =IF(N20<=10,"Quick win",IF(N20<=20,"Strong",IF(N20<=35,"Moderate","Stretch"))) -> Quick win | S20: Pillar: Madrid hub; #13 Top 10 Bars in Madrid; #20 Top 10 Places to Eat in Madrid | V20: Not started
A21: 20 | B21: Wave 1 | C21: Top 10 Places to Eat in Madrid | D21: where to eat in madrid | E21: Food & drink | F21: Where to eat | G21: Madrid | H21: Spain | I21: Madrid | J21: Eat | K21: 1280 | L21: 190 | M21: =K21+L21 -> 1470 | N21: 12.7 | O21: =IF(N21<=35,1,0.25)*M21/(N21+10)*IF(ISNUMBER(SEARCH("KD mismatch",U21)),0.25,1) -> 64.757709 | P21: =IF(N21<=10,"Quick win",IF(N21<=20,"Strong",IF(N21<=35,"Moderate","Stretch"))) -> Strong | Q21: best places to eat in madrid; best restaurants in madrid | S21: Pillar: Madrid hub; #221 Top 10 Brunch Spots in Madrid; #311 Top 10 Cafes in Madrid | V21: Not started
A22: 21 | B22: Wave 1 | C22: Top 10 Day Trips from Valencia | D22: day trips from valencia | E22: Place | F22: Day trips | G22: Valencia | H22: Spain | I22: Spain | J22: Explore nearby | K22: 480 | L22: 480 | M22: =K22+L22 -> 960 | N22: 5 | O22: =IF(N22<=35,1,0.25)*M22/(N22+10)*IF(ISNUMBER(SEARCH("KD mismatch",U22)),0.25,1) -> 64 | P22: =IF(N22<=10,"Quick win",IF(N22<=20,"Strong",IF(N22<=35,"Moderate","Stretch"))) -> Quick win | S22: Pillar: Spain hub; #116 Top 10 Day Trips from Granada; #32 Top 10 Places to Eat in Seville | V22: Not started
A23: 22 | B23: Wave 1 | C23: Top 10 Bars in Singapore | D23: best bars in singapore | E23: Food & drink | F23: Bars & cocktail bars | G23: Singapore | H23: Singapore | I23: Singapore | J23: Drink | K23: 500 | L23: 310 | M23: =K23+L23 -> 810 | N23: 3.1 | O23: =IF(N23<=35,1,0.25)*M23/(N23+10)*IF(ISNUMBER(SEARCH("KD mismatch",U23)),0.25,1) -> 61.832061 | P23: =IF(N23<=10,"Quick win",IF(N23<=20,"Strong",IF(N23<=35,"Moderate","Stretch"))) -> Quick win | Q23: best cocktail bars in singapore | S23: Pillar: Singapore hub; #37 Top 10 Places to Eat in Singapore; #208 Top 10 Cafes in Singapore | U23: Recent volume spike, verify before prioritising | V23: Not started
A24: 23 | B24: Wave 1 | C24: Top 10 Beaches in Europe | D24: best beaches in europe | E24: Place | F24: Beaches | G24: Europe | H24: Europe | I24: Europe | J24: Beaches & islands | K24: 0 | L24: 920 | M24: =K24+L24 -> 920 | N24: 5 | O24: =IF(N24<=35,1,0.25)*M24/(N24+10)*IF(ISNUMBER(SEARCH("KD mismatch",U24)),0.25,1) -> 61.333333 | P24: =IF(N24<=10,"Quick win",IF(N24<=20,"Strong",IF(N24<=35,"Moderate","Stretch"))) -> Quick win | R24: best beaches in europe (US 1900/KD58) | S24: Pillar: Europe hub; #200 Top 10 Islands in Europe; #223 Top 10 Beaches in Cyprus | V24: Not started
A25: 24 | B25: Wave 1 | C25: Top 10 Day Trips from Paris | D25: best day trips from paris | E25: Place | F25: Day trips | G25: Paris | H25: France | I25: Paris | J25: Explore nearby | K25: 740 | L25: 220 | M25: =K25+L25 -> 960 | N25: 5.7 | O25: =IF(N25<=35,1,0.25)*M25/(N25+10)*IF(ISNUMBER(SEARCH("KD mismatch",U25)),0.25,1) -> 61.146497 | P25: =IF(N25<=10,"Quick win",IF(N25<=20,"Strong",IF(N25<=35,"Moderate","Stretch"))) -> Quick win | Q25: day trips from paris | R25: day trips from paris (US 3200/KD60) | S25: Pillar: Paris hub; #36 Top 10 Foods to Try in Paris; #49 Top 10 Brunch Spots in Paris | V25: Not started
A26: 25 | B26: Wave 1 | C26: Top 10 Places to Eat in Prague | D26: best food in prague | E26: Food & drink | F26: Where to eat | G26: Prague | H26: Czechia | I26: Prague | J26: Eat | K26: 930 | L26: 730 | M26: =K26+L26 -> 1660 | N26: 17.7 | O26: =IF(N26<=35,1,0.25)*M26/(N26+10)*IF(ISNUMBER(SEARCH("KD mismatch",U26)),0.25,1) -> 59.927798 | P26: =IF(N26<=10,"Quick win",IF(N26<=20,"Strong",IF(N26<=35,"Moderate","Stretch"))) -> Strong | Q26: where to eat in prague; best places to eat in prague; best restaurants in prague | S26: Pillar: Prague hub; #81 Top 10 Cafes in Prague; #148 Top 10 Foods to Try in Prague | V26: Not started
A27: 26 | B27: Wave 1 | C27: Top 10 Places to Eat in Nashville | D27: best food in nashville | E27: Food & drink | F27: Where to eat | G27: Nashville | H27: USA | I27: Nashville | J27: Eat | K27: 990 | L27: 540 | M27: =K27+L27 -> 1530 | N27: 15.8 | O27: =IF(N27<=35,1,0.25)*M27/(N27+10)*IF(ISNUMBER(SEARCH("KD mismatch",U27)),0.25,1) -> 59.302326 | P27: =IF(N27<=10,"Quick win",IF(N27<=20,"Strong",IF(N27<=35,"Moderate","Stretch"))) -> Strong | Q27: best restaurants in nashville; best places to eat in nashville | R27: best restaurants in nashville (US 33100/KD79); best places to eat in nashville (US 2400/KD50) | S27: Pillar: Nashville hub; #76 Top 10 Cafes in Nashville; #140 Top 10 Brunch Spots in Nashville | V27: Not started
A28: 27 | B28: Wave 1 | C28: Top 10 Beer Halls & Beer Gardens in Munich | D28: best beer halls in munich | E28: Food & drink | F28: Beer halls & gardens | G28: Munich | H28: Germany | I28: Munich | J28: Drink | K28: 710 | L28: 430 | M28: =K28+L28 -> 1140 | N28: 9.7 | O28: =IF(N28<=35,1,0.25)*M28/(N28+10)*IF(ISNUMBER(SEARCH("KD mismatch",U28)),0.25,1) -> 57.86802 | P28: =IF(N28<=10,"Quick win",IF(N28<=20,"Strong",IF(N28<=35,"Moderate","Stretch"))) -> Quick win | Q28: best beer gardens in munich | S28: Pillar: Munich hub; #137 Top 10 Bars in Munich; #52 Top 10 Day Trips from Munich | V28: In review | Z28: Draft written: posts/top-10-beer-halls-and-beer-gardens-in-munich.md. Content only, internal links to do. Check: Confirm season dates and Starkbierfest timing; Augustiner Holzfass availability.
A29: 28 | B29: Wave 1 | C29: Top 10 Day Trips from Krakow | D29: day trips from krakow | E29: Place | F29: Day trips | G29: Krakow | H29: Poland | I29: Krakow | J29: Explore nearby | K29: 390 | L29: 590 | M29: =K29+L29 -> 980 | N29: 7.2 | O29: =IF(N29<=35,1,0.25)*M29/(N29+10)*IF(ISNUMBER(SEARCH("KD mismatch",U29)),0.25,1) -> 56.976744 | P29: =IF(N29<=10,"Quick win",IF(N29<=20,"Strong",IF(N29<=35,"Moderate","Stretch"))) -> Quick win | S29: Pillar: Krakow hub; #259 Top 10 Places to Eat in Krakow; #273 Top 10 Bars in Krakow | V29: Not started
A30: 29 | B30: Wave 1 | C30: Top 10 Places to Eat in Florence | D30: where to eat in florence | E30: Food & drink | F30: Where to eat | G30: Florence | H30: Italy | I30: Florence | J30: Eat | K30: 590 | L30: 470 | M30: =K30+L30 -> 1060 | N30: 9.2 | O30: =IF(N30<=35,1,0.25)*M30/(N30+10)*IF(ISNUMBER(SEARCH("KD mismatch",U30)),0.25,1) -> 55.208333 | P30: =IF(N30<=10,"Quick win",IF(N30<=20,"Strong",IF(N30<=35,"Moderate","Stretch"))) -> Quick win | Q30: best food in florence; best restaurants in florence | R30: best restaurants in florence (US 2900/KD54) | S30: Pillar: Florence hub; #44 Top 10 Places for Pasta in Florence; #135 Top 10 Cafes in Florence | V30: Not started
A31: 30 | B31: Wave 1 | C31: Top 10 Day Trips from Bologna | D31: day trips from bologna | E31: Place | F31: Day trips | G31: Bologna | H31: Italy | I31: Italy | J31: Explore nearby | K31: 590 | L31: 390 | M31: =K31+L31 -> 980 | N31: 7.8 | O31: =IF(N31<=35,1,0.25)*M31/(N31+10)*IF(ISNUMBER(SEARCH("KD mismatch",U31)),0.25,1) -> 55.05618 | P31: =IF(N31<=10,"Quick win",IF(N31<=20,"Strong",IF(N31<=35,"Moderate","Stretch"))) -> Quick win | S31: Pillar: Italy hub; #136 Top 10 Day Trips from Sorrento; #260 Top 10 Day Trips from Milan | V31: Not started
A32: 31 | B32: Wave 1 | C32: Top 10 Places to Eat in Ljubljana | D32: best restaurants in ljubljana | E32: Food & drink | F32: Where to eat | G32: Ljubljana | H32: Slovenia | I32: Europe | J32: Eat | K32: 590 | L32: 590 | M32: =K32+L32 -> 1180 | N32: 11.5 | O32: =IF(N32<=35,1,0.25)*M32/(N32+10)*IF(ISNUMBER(SEARCH("KD mismatch",U32)),0.25,1) -> 54.883721 | P32: =IF(N32<=10,"Quick win",IF(N32<=20,"Strong",IF(N32<=35,"Moderate","Stretch"))) -> Strong | S32: Pillar: Europe hub; #23 Top 10 Beaches in Europe; #42 Top 10 Day Trips from Salzburg | V32: Not started
A33: 32 | B33: Wave 1 | C33: Top 10 Places to Eat in Seville | D33: best places to eat in seville | E33: Food & drink | F33: Where to eat | G33: Seville | H33: Spain | I33: Spain | J33: Eat | K33: 330 | L33: 500 | M33: =K33+L33 -> 830 | N33: 6.3 | O33: =IF(N33<=35,1,0.25)*M33/(N33+10)*IF(ISNUMBER(SEARCH("KD mismatch",U33)),0.25,1) -> 50.920245 | P33: =IF(N33<=10,"Quick win",IF(N33<=20,"Strong",IF(N33<=35,"Moderate","Stretch"))) -> Quick win | Q33: best food in seville; best restaurants in seville | S33: Pillar: Spain hub; #34 Top 10 Pintxos Bars in San Sebastián; #149 Top 10 Tapas Bars in Seville | V33: Not started
A34: 33 | B34: Wave 1 | C34: Top 10 Rooftop Bars in Rome | D34: best rooftop bars in rome | E34: Food & drink | F34: Rooftop bars | G34: Rome | H34: Italy | I34: Rome | J34: Drink | K34: 480 | L34: 390 | M34: =K34+L34 -> 870 | N34: 7.2 | O34: =IF(N34<=35,1,0.25)*M34/(N34+10)*IF(ISNUMBER(SEARCH("KD mismatch",U34)),0.25,1) -> 50.581395 | P34: =IF(N34<=10,"Quick win",IF(N34<=20,"Strong",IF(N34<=35,"Moderate","Stretch"))) -> Quick win | S34: Pillar: Rome hub; #14 Top 10 Bars in Rome; #271 Top 10 Wine Bars in Rome | V34: Not started
A35: 34 | B35: Wave 1 | C35: Top 10 Pintxos Bars in San Sebastián | D35: best pintxos in san sebastian | E35: Food & drink | F35: Dish: Pintxos | G35: San Sebastián | H35: Spain | I35: Spain | J35: Eat | K35: 390 | L35: 480 | M35: =K35+L35 -> 870 | N35: 7.4 | O35: =IF(N35<=35,1,0.25)*M35/(N35+10)*IF(ISNUMBER(SEARCH("KD mismatch",U35)),0.25,1) -> 50 | P35: =IF(N35<=10,"Quick win",IF(N35<=20,"Strong",IF(N35<=35,"Moderate","Stretch"))) -> Quick win | S35: Pillar: Spain hub; #32 Top 10 Places to Eat in Seville; #149 Top 10 Tapas Bars in Seville | V35: Not started
A36: 35 | B36: Wave 1 | C36: Top 10 Bars in Florence | D36: best bars in florence | E36: Food & drink | F36: Bars & cocktail bars | G36: Florence | H36: Italy | I36: Florence | J36: Drink | K36: 480 | L36: 320 | M36: =K36+L36 -> 800 | N36: 6 | O36: =IF(N36<=35,1,0.25)*M36/(N36+10)*IF(ISNUMBER(SEARCH("KD mismatch",U36)),0.25,1) -> 50 | P36: =IF(N36<=10,"Quick win",IF(N36<=20,"Strong",IF(N36<=35,"Moderate","Stretch"))) -> Quick win | S36: Pillar: Florence hub; #232 Top 10 Rooftop Bars in Florence; #29 Top 10 Places to Eat in Florence | V36: Not started
A37: 36 | B37: Wave 1 | C37: Top 10 Foods to Try in Paris | D37: what to eat in paris | E37: Food & drink | F37: What to eat | G37: Paris | H37: France | I37: Paris | J37: Eat | K37: 590 | L37: 210 | M37: =K37+L37 -> 800 | N37: 6 | O37: =IF(N37<=35,1,0.25)*M37/(N37+10)*IF(ISNUMBER(SEARCH("KD mismatch",U37)),0.25,1) -> 50 | P37: =IF(N37<=10,"Quick win",IF(N37<=20,"Strong",IF(N37<=35,"Moderate","Stretch"))) -> Quick win | S37: Pillar: Paris hub; #49 Top 10 Brunch Spots in Paris; #188 Top 10 Places to Eat in Paris | V37: Not started
A38: 37 | B38: Wave 1 | C38: Top 10 Places to Eat in Singapore | D38: best food in singapore | E38: Food & drink | F38: Where to eat | G38: Singapore | H38: Singapore | I38: Singapore | J38: Eat | K38: 760 | L38: 380 | M38: =K38+L38 -> 1140 | N38: 12.9 | O38: =IF(N38<=35,1,0.25)*M38/(N38+10)*IF(ISNUMBER(SEARCH("KD mismatch",U38)),0.25,1) -> 49.781659 | P38: =IF(N38<=10,"Quick win",IF(N38<=20,"Strong",IF(N38<=35,"Moderate","Stretch"))) -> Strong | Q38: best places to eat in singapore | S38: Pillar: Singapore hub; #208 Top 10 Cafes in Singapore; #264 Top 10 Street Foods to Try in Singapore | U38: Recent volume spike, verify before prioritising | V38: Not started
A39: 38 | B39: Wave 1 | C39: Top 10 Beaches in Ireland | D39: best beaches in ireland | E39: Place | F39: Beaches | G39: Ireland | H39: Ireland | I39: Ireland | J39: Beaches & islands | K39: 390 | L39: 590 | M39: =K39+L39 -> 980 | N39: 10 | O39: =IF(N39<=35,1,0.25)*M39/(N39+10)*IF(ISNUMBER(SEARCH("KD mismatch",U39)),0.25,1) -> 49 | P39: =IF(N39<=10,"Quick win",IF(N39<=20,"Strong",IF(N39<=35,"Moderate","Stretch"))) -> Quick win | S39: Pillar: Ireland hub; #153 Top 10 Day Trips from Cork | U39: Recent volume spike, verify before prioritising | V39: Not started
A40: 39 | B40: Wave 1 | C40: Top 10 Day Trips from Glasgow | D40: day trips from glasgow | E40: Place | F40: Day trips | G40: Glasgow | H40: Scotland | I40: Glasgow | J40: Explore nearby | K40: 480 | L40: 460 | M40: =K40+L40 -> 940 | N40: 9.2 | O40: =IF(N40<=35,1,0.25)*M40/(N40+10)*IF(ISNUMBER(SEARCH("KD mismatch",U40)),0.25,1) -> 48.958333 | P40: =IF(N40<=10,"Quick win",IF(N40<=20,"Strong",IF(N40<=35,"Moderate","Stretch"))) -> Quick win | Q40: best day trips from glasgow | S40: Pillar: Glasgow hub; #56 Top 10 Places to Eat in Glasgow; #224 Top 10 Pubs in Glasgow | V40: Not started
A41: 40 | B41: Wave 1 | C41: Top 10 Bars in Bangkok | D41: best bars in bangkok | E41: Food & drink | F41: Bars & cocktail bars | G41: Bangkok | H41: Thailand | I41: Bangkok | J41: Drink | K41: 460 | L41: 300 | M41: =K41+L41 -> 760 | N41: 5.6 | O41: =IF(N41<=35,1,0.25)*M41/(N41+10)*IF(ISNUMBER(SEARCH("KD mismatch",U41)),0.25,1) -> 48.717949 | P41: =IF(N41<=10,"Quick win",IF(N41<=20,"Strong",IF(N41<=35,"Moderate","Stretch"))) -> Quick win | Q41: best cocktail bars in bangkok | S41: Pillar: Bangkok hub; #59 Top 10 Places to Eat in Bangkok; #74 Top 10 Night Markets in Bangkok | V41: Not started
A42: 41 | B42: Wave 1 | C42: Top 10 Christmas Markets in the UK | D42: best christmas markets in uk | E42: Place | F42: Christmas markets | G42: the UK | H42: UK | I42: UK | J42: See & do | K42: 0 | L42: 720 | M42: =K42+L42 -> 720 | N42: 5 | O42: =IF(N42<=35,1,0.25)*M42/(N42+10)*IF(ISNUMBER(SEARCH("KD mismatch",U42)),0.25,1) -> 48 | P42: =IF(N42<=10,"Quick win",IF(N42<=20,"Strong",IF(N42<=35,"Moderate","Stretch"))) -> Quick win | S42: Pillar: UK hub; #283 Top 10 Hidden Gems in the UK; #227 Top 10 Day Trips from Belfast | T42: Interlink with live UK posts (castles, historic places, weekend getaways) | V42: Not started
A43: 42 | B43: Wave 1 | C43: Top 10 Day Trips from Salzburg | D43: day trips from salzburg | E43: Place | F43: Day trips | G43: Salzburg | H43: Austria | I43: Europe | J43: Explore nearby | K43: 480 | L43: 320 | M43: =K43+L43 -> 800 | N43: 7.4 | O43: =IF(N43<=35,1,0.25)*M43/(N43+10)*IF(ISNUMBER(SEARCH("KD mismatch",U43)),0.25,1) -> 45.977011 | P43: =IF(N43<=10,"Quick win",IF(N43<=20,"Strong",IF(N43<=35,"Moderate","Stretch"))) -> Quick win | S43: Pillar: Europe hub; #78 Top 10 Day Trips from Frankfurt; #211 Top 10 Day Trips from Bruges | V43: Not started
A44: 43 | B44: Wave 1 | C44: Top 10 Places to Eat in Hanoi | D44: best restaurants in hanoi | E44: Food & drink | F44: Where to eat | G44: Hanoi | H44: Vietnam | I44: Hanoi | J44: Eat | K44: 300 | L44: 480 | M44: =K44+L44 -> 780 | N44: 7 | O44: =IF(N44<=35,1,0.25)*M44/(N44+10)*IF(ISNUMBER(SEARCH("KD mismatch",U44)),0.25,1) -> 45.882353 | P44: =IF(N44<=10,"Quick win",IF(N44<=20,"Strong",IF(N44<=35,"Moderate","Stretch"))) -> Quick win | Q44: best food in hanoi; best places to eat in hanoi | S44: Pillar: Hanoi hub; #220 Top 10 Cafes in Hanoi; #233 Top 10 Pho Spots in Hanoi | V44: Not started
A45: 44 | B45: Wave 1 | C45: Top 10 Places for Pasta in Florence | D45: best pasta in florence | E45: Food & drink | F45: Dish: Pasta | G45: Florence | H45: Italy | I45: Florence | J45: Eat | K45: 480 | L45: 260 | M45: =K45+L45 -> 740 | N45: 6.4 | O45: =IF(N45<=35,1,0.25)*M45/(N45+10)*IF(ISNUMBER(SEARCH("KD mismatch",U45)),0.25,1) -> 45.121951 | P45: =IF(N45<=10,"Quick win",IF(N45<=20,"Strong",IF(N45<=35,"Moderate","Stretch"))) -> Quick win | S45: Pillar: Florence hub; #29 Top 10 Places to Eat in Florence; #135 Top 10 Cafes in Florence | V45: Not started
A46: 45 | B46: Wave 1 | C46: Top 10 Places to Eat in Savannah | D46: best restaurant in savannah ga | E46: Food & drink | F46: Where to eat | G46: Savannah | H46: USA | I46: Savannah | J46: Eat | K46: 1130 | L46: 130 | M46: =K46+L46 -> 1260 | N46: 18 | O46: =IF(N46<=35,1,0.25)*M46/(N46+10)*IF(ISNUMBER(SEARCH("KD mismatch",U46)),0.25,1) -> 45 | P46: =IF(N46<=10,"Quick win",IF(N46<=20,"Strong",IF(N46<=35,"Moderate","Stretch"))) -> Strong | Q46: best places to eat in savannah; best restaurants in savannah; best food in savannah | R46: best restaurants in savannah (US 33100/KD68) | S46: Pillar: Savannah hub; #180 Top 10 Day Trips from Savannah; #338 Top 10 Rooftop Bars in Savannah | V46: Not started
A47: 46 | B47: Wave 1 | C47: Top 10 Places to Eat in Vienna | D47: best food in vienna | E47: Food & drink | F47: Where to eat | G47: Vienna | H47: Austria | I47: Vienna | J47: Eat | K47: 640 | L47: 430 | M47: =K47+L47 -> 1070 | N47: 14 | O47: =IF(N47<=35,1,0.25)*M47/(N47+10)*IF(ISNUMBER(SEARCH("KD mismatch",U47)),0.25,1) -> 44.583333 | P47: =IF(N47<=10,"Quick win",IF(N47<=20,"Strong",IF(N47<=35,"Moderate","Stretch"))) -> Strong | Q47: best places to eat in vienna; best restaurants in vienna | S47: Pillar: Vienna hub; #257 Top 10 Foods to Try in Vienna; #63 Top 10 Bars in Vienna | V47: Not started
A48: 47 | B48: Wave 1 | C48: Top 10 Places to Eat in Hoi An | D48: best restaurants in hoi an | E48: Food & drink | F48: Where to eat | G48: Hoi An | H48: Vietnam | I48: Vietnam | J48: Eat | K48: 390 | L48: 390 | M48: =K48+L48 -> 780 | N48: 7.5 | O48: =IF(N48<=35,1,0.25)*M48/(N48+10)*IF(ISNUMBER(SEARCH("KD mismatch",U48)),0.25,1) -> 44.571429 | P48: =IF(N48<=10,"Quick win",IF(N48<=20,"Strong",IF(N48<=35,"Moderate","Stretch"))) -> Quick win | S48: Pillar: Vietnam hub; | V48: Not started
A49: 48 | B49: Wave 1 | C49: Top 10 Beaches in Dubrovnik | D49: best beaches in dubrovnik | E49: Place | F49: Beaches | G49: Dubrovnik | H49: Croatia | I49: Dubrovnik | J49: Beaches & islands | K49: 390 | L49: 590 | M49: =K49+L49 -> 980 | N49: 12.2 | O49: =IF(N49<=35,1,0.25)*M49/(N49+10)*IF(ISNUMBER(SEARCH("KD mismatch",U49)),0.25,1) -> 44.144144 | P49: =IF(N49<=10,"Quick win",IF(N49<=20,"Strong",IF(N49<=35,"Moderate","Stretch"))) -> Strong | S49: Pillar: Dubrovnik hub; #194 Top 10 Places to Eat in Dubrovnik; #318 Top 10 Bars in Dubrovnik | U49: Recent volume spike, verify before prioritising | V49: Not started
A50: 49 | B50: Wave 1 | C50: Top 10 Brunch Spots in Paris | D50: best brunch in paris | E50: Food & drink | F50: Brunch | G50: Paris | H50: France | I50: Paris | J50: Eat | K50: 390 | L50: 320 | M50: =K50+L50 -> 710 | N50: 6.4 | O50: =IF(N50<=35,1,0.25)*M50/(N50+10)*IF(ISNUMBER(SEARCH("KD mismatch",U50)),0.25,1) -> 43.292683 | P50: =IF(N50<=10,"Quick win",IF(N50<=20,"Strong",IF(N50<=35,"Moderate","Stretch"))) -> Quick win | S50: Pillar: Paris hub; #36 Top 10 Foods to Try in Paris; #188 Top 10 Places to Eat in Paris | V50: Not started
A51: 50 | B51: Wave 1 | C51: Top 10 Places to Eat in Athens | D51: best places to eat in athens | E51: Food & drink | F51: Where to eat | G51: Athens | H51: Greece | I51: Athens | J51: Eat | K51: 360 | L51: 640 | M51: =K51+L51 -> 1000 | N51: 13.1 | O51: =IF(N51<=35,1,0.25)*M51/(N51+10)*IF(ISNUMBER(SEARCH("KD mismatch",U51)),0.25,1) -> 43.290043 | P51: =IF(N51<=10,"Quick win",IF(N51<=20,"Strong",IF(N51<=35,"Moderate","Stretch"))) -> Strong | Q51: best restaurants in athens; best food in athens | S51: Pillar: Athens hub; #141 Top 10 Brunch Spots in Athens; #289 Top 10 Cafes in Athens | T51: Related existing post (Athens): new angle, interlink both ways | V51: Not started
A52: 51 | B52: Wave 1 | C52: Top 10 Islands in Croatia | D52: best islands in croatia | E52: Place | F52: Islands | G52: Croatia | H52: Croatia | I52: Croatia | J52: Beaches & islands | K52: 390 | L52: 480 | M52: =K52+L52 -> 870 | N52: 10.1 | O52: =IF(N52<=35,1,0.25)*M52/(N52+10)*IF(ISNUMBER(SEARCH("KD mismatch",U52)),0.25,1) -> 43.283582 | P52: =IF(N52<=10,"Quick win",IF(N52<=20,"Strong",IF(N52<=35,"Moderate","Stretch"))) -> Strong | S52: Pillar: Croatia hub; #213 Top 10 Beaches in Croatia; #96 Top 10 Day Trips from Split | V52: Not started
A53: 52 | B53: Wave 1 | C53: Top 10 Day Trips from Munich | D53: day trips from munich | E53: Place | F53: Day trips | G53: Munich | H53: Germany | I53: Munich | J53: Explore nearby | K53: 260 | L53: 480 | M53: =K53+L53 -> 740 | N53: 7.1 | O53: =IF(N53<=35,1,0.25)*M53/(N53+10)*IF(ISNUMBER(SEARCH("KD mismatch",U53)),0.25,1) -> 43.274854 | P53: =IF(N53<=10,"Quick win",IF(N53<=20,"Strong",IF(N53<=35,"Moderate","Stretch"))) -> Quick win | S53: Pillar: Munich hub; #27 Top 10 Beer Halls & Beer Gardens in Munich; #137 Top 10 Bars in Munich | V53: Not started
A54: 53 | B54: Wave 1 | C54: Top 10 Day Trips from Oxford | D54: day trips from oxford | E54: Place | F54: Day trips | G54: Oxford | H54: England | I54: England | J54: Explore nearby | K54: 210 | L54: 480 | M54: =K54+L54 -> 690 | N54: 6 | O54: =IF(N54<=35,1,0.25)*M54/(N54+10)*IF(ISNUMBER(SEARCH("KD mismatch",U54)),0.25,1) -> 43.125 | P54: =IF(N54<=10,"Quick win",IF(N54<=20,"Strong",IF(N54<=35,"Moderate","Stretch"))) -> Quick win | S54: Pillar: England hub; #67 Top 10 Day Trips from Bristol; #83 Top 10 Day Trips from Bath | T54: Interlink with live UK posts (castles, historic places, weekend getaways) | V54: Not started
A55: 54 | B55: Wave 1 | C55: Top 10 Cafes in Budapest | D55: best cafes in budapest | E55: Food & drink | F55: Cafes | G55: Budapest | H55: Hungary | I55: Budapest | J55: Eat | K55: 260 | L55: 390 | M55: =K55+L55 -> 650 | N55: 5.2 | O55: =IF(N55<=35,1,0.25)*M55/(N55+10)*IF(ISNUMBER(SEARCH("KD mismatch",U55)),0.25,1) -> 42.763158 | P55: =IF(N55<=10,"Quick win",IF(N55<=20,"Strong",IF(N55<=35,"Moderate","Stretch"))) -> Quick win | S55: Pillar: Budapest hub; #16 Top 10 Places to Eat in Budapest; #179 Top 10 Bars in Budapest | V55: Not started
A56: 55 | B56: Wave 1 | C56: Top 10 Gelato Shops in Venice | D56: best gelato in venice | E56: Food & drink | F56: Dish: Gelato | G56: Venice | H56: Italy | I56: Venice | J56: Eat | K56: 590 | L56: 210 | M56: =K56+L56 -> 800 | N56: 8.8 | O56: =IF(N56<=35,1,0.25)*M56/(N56+10)*IF(ISNUMBER(SEARCH("KD mismatch",U56)),0.25,1) -> 42.553191 | P56: =IF(N56<=10,"Quick win",IF(N56<=20,"Strong",IF(N56<=35,"Moderate","Stretch"))) -> Quick win | S56: Pillar: Venice hub; #64 Top 10 Places to Eat in Venice; #75 Top 10 Cafes in Venice | U56: Recent volume spike, verify before prioritising | V56: Not started
A57: 56 | B57: Wave 1 | C57: Top 10 Places to Eat in Glasgow | D57: best restaurants in glasgow | E57: Food & drink | F57: Where to eat | G57: Glasgow | H57: Scotland | I57: Glasgow | J57: Eat | K57: 260 | L57: 870 | M57: =K57+L57 -> 1130 | N57: 17 | O57: =IF(N57<=35,1,0.25)*M57/(N57+10)*IF(ISNUMBER(SEARCH("KD mismatch",U57)),0.25,1) -> 41.851852 | P57: =IF(N57<=10,"Quick win",IF(N57<=20,"Strong",IF(N57<=35,"Moderate","Stretch"))) -> Strong | Q57: best food in glasgow; best places to eat in glasgow | S57: Pillar: Glasgow hub; #39 Top 10 Day Trips from Glasgow; #224 Top 10 Pubs in Glasgow | V57: Not started
A58: 57 | B58: Wave 1 | C58: Top 10 Hidden Gems in Italy | D58: hidden gems in italy | E58: Place | F58: Hidden gems | G58: Italy | H58: Italy | I58: Italy | J58: See & do | K58: 480 | L58: 210 | M58: =K58+L58 -> 690 | N58: 6.5 | O58: =IF(N58<=35,1,0.25)*M58/(N58+10)*IF(ISNUMBER(SEARCH("KD mismatch",U58)),0.25,1) -> 41.818182 | P58: =IF(N58<=10,"Quick win",IF(N58<=20,"Strong",IF(N58<=35,"Moderate","Stretch"))) -> Quick win | S58: Pillar: Italy hub; #30 Top 10 Day Trips from Bologna; #136 Top 10 Day Trips from Sorrento | V58: Not started
A59: 58 | B59: Wave 1 | C59: Top 10 Hidden Gems in Rome | D59: hidden gems in rome | E59: Place | F59: Hidden gems | G59: Rome | H59: Italy | I59: Rome | J59: See & do | K59: 480 | L59: 320 | M59: =K59+L59 -> 800 | N59: 9.2 | O59: =IF(N59<=35,1,0.25)*M59/(N59+10)*IF(ISNUMBER(SEARCH("KD mismatch",U59)),0.25,1) -> 41.666667 | P59: =IF(N59<=10,"Quick win",IF(N59<=20,"Strong",IF(N59<=35,"Moderate","Stretch"))) -> Quick win | S59: Pillar: Rome hub; #14 Top 10 Bars in Rome; #33 Top 10 Rooftop Bars in Rome | V59: Not started
A60: 59 | B60: Wave 1 | C60: Top 10 Places to Eat in Bangkok | D60: best food in bangkok | E60: Food & drink | F60: Where to eat | G60: Bangkok | H60: Thailand | I60: Bangkok | J60: Eat | K60: 720 | L60: 310 | M60: =K60+L60 -> 1030 | N60: 14.9 | O60: =IF(N60<=35,1,0.25)*M60/(N60+10)*IF(ISNUMBER(SEARCH("KD mismatch",U60)),0.25,1) -> 41.365462 | P60: =IF(N60<=10,"Quick win",IF(N60<=20,"Strong",IF(N60<=35,"Moderate","Stretch"))) -> Strong | Q60: best places to eat in bangkok; where to eat in bangkok; best restaurants in bangkok | S60: Pillar: Bangkok hub; #74 Top 10 Night Markets in Bangkok; #181 Top 10 Street Foods to Try in Bangkok | V60: Not started
A61: 60 | B61: Wave 1 | C61: Top 10 Day Trips from Nice | D61: day trips from nice | E61: Place | F61: Day trips | G61: Nice | H61: France | I61: France | J61: Explore nearby | K61: 30 | L61: 590 | M61: =K61+L61 -> 620 | N61: 5.1 | O61: =IF(N61<=35,1,0.25)*M61/(N61+10)*IF(ISNUMBER(SEARCH("KD mismatch",U61)),0.25,1) -> 41.059603 | P61: =IF(N61<=10,"Quick win",IF(N61<=20,"Strong",IF(N61<=35,"Moderate","Stretch"))) -> Quick win | S61: Pillar: France hub; #132 Top 10 Day Trips from Bordeaux; #265 Top 10 Hidden Gems in France | V61: Not started
A62: 61 | B62: Wave 1 | C62: Top 10 Day Trips from Copenhagen | D62: day trips from copenhagen | E62: Place | F62: Day trips | G62: Copenhagen | H62: Denmark | I62: Copenhagen | J62: Explore nearby | K62: 20 | L62: 590 | M62: =K62+L62 -> 610 | N62: 5 | O62: =IF(N62<=35,1,0.25)*M62/(N62+10)*IF(ISNUMBER(SEARCH("KD mismatch",U62)),0.25,1) -> 40.666667 | P62: =IF(N62<=10,"Quick win",IF(N62<=20,"Strong",IF(N62<=35,"Moderate","Stretch"))) -> Quick win | S62: Pillar: Copenhagen hub; #2 Top 10 Places to Eat in Copenhagen; #11 Top 10 Cafes in Copenhagen | U62: Recent volume spike, verify before prioritising | V62: Not started
A63: 62 | B63: Wave 1 | C63: Top 10 Bars in Paris | D63: best cocktail bars in paris | E63: Food & drink | F63: Bars & cocktail bars | G63: Paris | H63: France | I63: Paris | J63: Drink | K63: 480 | L63: 260 | M63: =K63+L63 -> 740 | N63: 8.2 | O63: =IF(N63<=35,1,0.25)*M63/(N63+10)*IF(ISNUMBER(SEARCH("KD mismatch",U63)),0.25,1) -> 40.659341 | P63: =IF(N63<=10,"Quick win",IF(N63<=20,"Strong",IF(N63<=35,"Moderate","Stretch"))) -> Quick win | S63: Pillar: Paris hub; #102 Top 10 Wine Bars in Paris; #24 Top 10 Day Trips from Paris | V63: Not started
A64: 63 | B64: Wave 1 | C64: Top 10 Bars in Vienna | D64: best bars in vienna | E64: Food & drink | F64: Bars & cocktail bars | G64: Vienna | H64: Austria | I64: Vienna | J64: Drink | K64: 260 | L64: 390 | M64: =K64+L64 -> 650 | N64: 6 | O64: =IF(N64<=35,1,0.25)*M64/(N64+10)*IF(ISNUMBER(SEARCH("KD mismatch",U64)),0.25,1) -> 40.625 | P64: =IF(N64<=10,"Quick win",IF(N64<=20,"Strong",IF(N64<=35,"Moderate","Stretch"))) -> Quick win | S64: Pillar: Vienna hub; #46 Top 10 Places to Eat in Vienna; #257 Top 10 Foods to Try in Vienna | V64: Not started
A65: 64 | B65: Wave 1 | C65: Top 10 Places to Eat in Venice | D65: best places to eat in venice | E65: Food & drink | F65: Where to eat | G65: Venice | H65: Italy | I65: Venice | J65: Eat | K65: 0 | L65: 710 | M65: =K65+L65 -> 710 | N65: 7.7 | O65: =IF(N65<=35,1,0.25)*M65/(N65+10)*IF(ISNUMBER(SEARCH("KD mismatch",U65)),0.25,1) -> 40.112994 | P65: =IF(N65<=10,"Quick win",IF(N65<=20,"Strong",IF(N65<=35,"Moderate","Stretch"))) -> Quick win | Q65: best food in venice; best restaurants in venice | R65: best restaurants in venice (US 1100/KD59) | S65: Pillar: Venice hub; #55 Top 10 Gelato Shops in Venice; #75 Top 10 Cafes in Venice | V65: Not started
A66: 65 | B66: Wave 1 | C66: Top 10 Day Trips from Barcelona | D66: day trip from barcelona | E66: Place | F66: Day trips | G66: Barcelona | H66: Spain | I66: Barcelona | J66: Explore nearby | K66: 880 | L66: 0 | M66: =K66+L66 -> 880 | N66: 12 | O66: =IF(N66<=35,1,0.25)*M66/(N66+10)*IF(ISNUMBER(SEARCH("KD mismatch",U66)),0.25,1) -> 40 | P66: =IF(N66<=10,"Quick win",IF(N66<=20,"Strong",IF(N66<=35,"Moderate","Stretch"))) -> Strong | R66: day trips from barcelona (US 2400/KD64) | S66: Pillar: Barcelona hub; #8 Top 10 Places to Eat in Barcelona; #147 Top 10 Beaches in Barcelona | T66: Related existing post (Barcelona): new angle, interlink both ways | V66: Not started
A67: 66 | B67: Wave 1 | C67: Top 10 Places to Eat in Hilton Head | D67: best restaurants in hilton head | E67: Food & drink | F67: Where to eat | G67: Hilton Head | H67: USA | I67: USA | J67: Eat | K67: 990 | L67: 0 | M67: =K67+L67 -> 990 | N67: 15 | O67: =IF(N67<=35,1,0.25)*M67/(N67+10)*IF(ISNUMBER(SEARCH("KD mismatch",U67)),0.25,1) -> 39.6 | P67: =IF(N67<=10,"Quick win",IF(N67<=20,"Strong",IF(N67<=35,"Moderate","Stretch"))) -> Strong | S67: Pillar: USA hub; #151 Top 10 Places to Eat in Myrtle Beach; #152 Top 10 Places to Eat in Louisville | V67: Not started
A68: 67 | B68: Wave 1 | C68: Top 10 Day Trips from Bristol | D68: day trips from bristol | E68: Place | F68: Day trips | G68: Bristol | H68: England | I68: England | J68: Explore nearby | K68: 0 | L68: 590 | M68: =K68+L68 -> 590 | N68: 5 | O68: =IF(N68<=35,1,0.25)*M68/(N68+10)*IF(ISNUMBER(SEARCH("KD mismatch",U68)),0.25,1) -> 39.333333 | P68: =IF(N68<=10,"Quick win",IF(N68<=20,"Strong",IF(N68<=35,"Moderate","Stretch"))) -> Quick win | S68: Pillar: England hub; #53 Top 10 Day Trips from Oxford; #83 Top 10 Day Trips from Bath | T68: Interlink with live UK posts (castles, historic places, weekend getaways) | V68: Not started
A69: 68 | B69: Wave 1 | C69: Top 10 Places to Eat in Porto | D69: best places to eat in porto | E69: Food & drink | F69: Where to eat | G69: Porto | H69: Portugal | I69: Porto | J69: Eat | K69: 510 | L69: 410 | M69: =K69+L69 -> 920 | N69: 13.5 | O69: =IF(N69<=35,1,0.25)*M69/(N69+10)*IF(ISNUMBER(SEARCH("KD mismatch",U69)),0.25,1) -> 39.148936 | P69: =IF(N69<=10,"Quick win",IF(N69<=20,"Strong",IF(N69<=35,"Moderate","Stretch"))) -> Strong | Q69: best food in porto; best restaurants in porto | S69: Pillar: Porto hub; #300 Top 10 Cafes in Porto; #295 Top 10 Bars in Porto | V69: Not started
A70: 69 | B70: Wave 1 | C70: Top 10 Bars in New York | D70: best bars in new york | E70: Food & drink | F70: Bars & cocktail bars | G70: New York | H70: USA | I70: New York | J70: Drink | K70: 540 | L70: 700 | M70: =K70+L70 -> 1240 | N70: 22.1 | O70: =IF(N70<=35,1,0.25)*M70/(N70+10)*IF(ISNUMBER(SEARCH("KD mismatch",U70)),0.25,1) -> 38.629283 | P70: =IF(N70<=10,"Quick win",IF(N70<=20,"Strong",IF(N70<=35,"Moderate","Stretch"))) -> Moderate | Q70: best cocktail bars in new york | S70: Pillar: New York hub; #120 Top 10 Rooftop Bars in New York; #91 Top 10 Day Trips from New York | T70: Related existing post (New York): new angle, interlink both ways | V70: Not started
A71: 70 | B71: Wave 1 | C71: Top 10 Brunch Spots in Chicago | D71: best brunch in chicago | E71: Food & drink | F71: Brunch | G71: Chicago | H71: USA | I71: Chicago | J71: Eat | K71: 590 | L71: 40 | M71: =K71+L71 -> 630 | N71: 6.5 | O71: =IF(N71<=35,1,0.25)*M71/(N71+10)*IF(ISNUMBER(SEARCH("KD mismatch",U71)),0.25,1) -> 38.181818 | P71: =IF(N71<=10,"Quick win",IF(N71<=20,"Strong",IF(N71<=35,"Moderate","Stretch"))) -> Quick win | S71: Pillar: Chicago hub; #274 Top 10 Street Foods to Try in Chicago; #331 Top 10 Cafes in Chicago | T71: Related existing post (Chicago): new angle, interlink both ways | V71: Not started
A72: 71 | B72: Wave 1 | C72: Top 10 Day Trips from Athens | D72: day trips from athens | E72: Place | F72: Day trips | G72: Athens | H72: Greece | I72: Athens | J72: Explore nearby | K72: 590 | L72: 20 | M72: =K72+L72 -> 610 | N72: 6 | O72: =IF(N72<=35,1,0.25)*M72/(N72+10)*IF(ISNUMBER(SEARCH("KD mismatch",U72)),0.25,1) -> 38.125 | P72: =IF(N72<=10,"Quick win",IF(N72<=20,"Strong",IF(N72<=35,"Moderate","Stretch"))) -> Quick win | S72: Pillar: Athens hub; #50 Top 10 Places to Eat in Athens; #141 Top 10 Brunch Spots in Athens | T72: Related existing post (Athens): new angle, interlink both ways | V72: Not started
A73: 72 | B73: Wave 1 | C73: Top 10 Weekend Getaways from London | D73: best weekend getaways from london | E73: Place | F73: Weekend getaways | G73: London | H73: England | I73: London | J73: Explore nearby | K73: 170 | L73: 480 | M73: =K73+L73 -> 650 | N73: 7.1 | O73: =IF(N73<=35,1,0.25)*M73/(N73+10)*IF(ISNUMBER(SEARCH("KD mismatch",U73)),0.25,1) -> 38.011696 | P73: =IF(N73<=10,"Quick win",IF(N73<=20,"Strong",IF(N73<=35,"Moderate","Stretch"))) -> Quick win | S73: Pillar: London hub; #7 Top 10 Day Trips from London; #118 Top 10 Brunch Spots in London | T73: Overlaps live 'Top 10 Weekend Getaways in the UK': keep the angle London-specific (trips by train from London) and interlink | V73: Not started
A74: 73 | B74: Wave 1 | C74: Top 10 Bars in Prague | D74: best bars in prague | E74: Food & drink | F74: Bars & cocktail bars | G74: Prague | H74: Czechia | I74: Prague | J74: Drink | K74: 570 | L74: 0 | M74: =K74+L74 -> 570 | N74: 5 | O74: =IF(N74<=35,1,0.25)*M74/(N74+10)*IF(ISNUMBER(SEARCH("KD mismatch",U74)),0.25,1) -> 38 | P74: =IF(N74<=10,"Quick win",IF(N74<=20,"Strong",IF(N74<=35,"Moderate","Stretch"))) -> Quick win | Q74: best cocktail bars in prague | S74: Pillar: Prague hub; #10 Top 10 Pubs in Prague; #25 Top 10 Places to Eat in Prague | V74: Not started
A75: 74 | B75: Wave 1 | C75: Top 10 Night Markets in Bangkok | D75: best night markets in bangkok | E75: Food & drink | F75: Night markets | G75: Bangkok | H75: Thailand | I75: Bangkok | J75: Eat | K75: 390 | L75: 210 | M75: =K75+L75 -> 600 | N75: 6 | O75: =IF(N75<=35,1,0.25)*M75/(N75+10)*IF(ISNUMBER(SEARCH("KD mismatch",U75)),0.25,1) -> 37.5 | P75: =IF(N75<=10,"Quick win",IF(N75<=20,"Strong",IF(N75<=35,"Moderate","Stretch"))) -> Quick win | S75: Pillar: Bangkok hub; #59 Top 10 Places to Eat in Bangkok; #181 Top 10 Street Foods to Try in Bangkok | V75: Not started
A76: 75 | B76: Wave 1 | C76: Top 10 Cafes in Venice | D76: best cafes in venice | E76: Food & drink | F76: Cafes | G76: Venice | H76: Italy | I76: Venice | J76: Eat | K76: 590 | L76: 0 | M76: =K76+L76 -> 590 | N76: 6 | O76: =IF(N76<=35,1,0.25)*M76/(N76+10)*IF(ISNUMBER(SEARCH("KD mismatch",U76)),0.25,1) -> 36.875 | P76: =IF(N76<=10,"Quick win",IF(N76<=20,"Strong",IF(N76<=35,"Moderate","Stretch"))) -> Quick win | S76: Pillar: Venice hub; #55 Top 10 Gelato Shops in Venice; #64 Top 10 Places to Eat in Venice | U76: Recent volume spike, verify before prioritising | V76: Not started
A77: 76 | B77: Wave 1 | C77: Top 10 Cafes in Nashville | D77: best cafes in nashville | E77: Food & drink | F77: Cafes | G77: Nashville | H77: USA | I77: Nashville | J77: Eat | K77: 590 | L77: 0 | M77: =K77+L77 -> 590 | N77: 6 | O77: =IF(N77<=35,1,0.25)*M77/(N77+10)*IF(ISNUMBER(SEARCH("KD mismatch",U77)),0.25,1) -> 36.875 | P77: =IF(N77<=10,"Quick win",IF(N77<=20,"Strong",IF(N77<=35,"Moderate","Stretch"))) -> Quick win | S77: Pillar: Nashville hub; #26 Top 10 Places to Eat in Nashville; #140 Top 10 Brunch Spots in Nashville | U77: Recent volume spike, verify before prioritising | V77: Not started
A78: 77 | B78: Wave 1 | C78: Top 10 Brunch Spots in Dublin | D78: best brunch in dublin | E78: Food & drink | F78: Brunch | G78: Dublin | H78: Ireland | I78: Dublin | J78: Eat | K78: 0 | L78: 590 | M78: =K78+L78 -> 590 | N78: 6 | O78: =IF(N78<=35,1,0.25)*M78/(N78+10)*IF(ISNUMBER(SEARCH("KD mismatch",U78)),0.25,1) -> 36.875 | P78: =IF(N78<=10,"Quick win",IF(N78<=20,"Strong",IF(N78<=35,"Moderate","Stretch"))) -> Quick win | S78: Pillar: Dublin hub; #114 Top 10 Places to Eat in Dublin; #163 Top 10 Cafes in Dublin | U78: Recent volume spike, verify before prioritising | V78: Not started
A79: 78 | B79: Wave 1 | C79: Top 10 Day Trips from Frankfurt | D79: day trips from frankfurt | E79: Place | F79: Day trips | G79: Frankfurt | H79: Germany | I79: Europe | J79: Explore nearby | K79: 590 | L79: 0 | M79: =K79+L79 -> 590 | N79: 6 | O79: =IF(N79<=35,1,0.25)*M79/(N79+10)*IF(ISNUMBER(SEARCH("KD mismatch",U79)),0.25,1) -> 36.875 | P79: =IF(N79<=10,"Quick win",IF(N79<=20,"Strong",IF(N79<=35,"Moderate","Stretch"))) -> Quick win | S79: Pillar: Europe hub; #42 Top 10 Day Trips from Salzburg; #211 Top 10 Day Trips from Bruges | V79: Not started
A80: 79 | B80: Wave 1 | C80: Top 10 Day Trips from Lucerne | D80: day trips from lucerne | E80: Place | F80: Day trips | G80: Lucerne | H80: Switzerland | I80: Switzerland | J80: Explore nearby | K80: 590 | L80: 0 | M80: =K80+L80 -> 590 | N80: 6 | O80: =IF(N80<=35,1,0.25)*M80/(N80+10)*IF(ISNUMBER(SEARCH("KD mismatch",U80)),0.25,1) -> 36.875 | P80: =IF(N80<=10,"Quick win",IF(N80<=20,"Strong",IF(N80<=35,"Moderate","Stretch"))) -> Quick win | S80: Pillar: Switzerland hub; #103 Top 10 Day Trips from Zurich; #182 Top 10 Day Trips from Interlaken | V80: Not started
A81: 80 | B81: Wave 1 | C81: Top 10 Day Trips from Las Vegas | D81: day trips from las vegas | E81: Place | F81: Day trips | G81: Las Vegas | H81: USA | I81: USA | J81: Explore nearby | K81: 990 | L81: 0 | M81: =K81+L81 -> 990 | N81: 17 | O81: =IF(N81<=35,1,0.25)*M81/(N81+10)*IF(ISNUMBER(SEARCH("KD mismatch",U81)),0.25,1) -> 36.666667 | P81: =IF(N81<=10,"Quick win",IF(N81<=20,"Strong",IF(N81<=35,"Moderate","Stretch"))) -> Strong | S81: Pillar: USA hub; #139 Top 10 Day Trips from Los Angeles; #66 Top 10 Places to Eat in Hilton Head | V81: Not started
A82: 81 | B82: Wave 1 | C82: Top 10 Cafes in Prague | D82: best cafes in prague | E82: Food & drink | F82: Cafes | G82: Prague | H82: Czechia | I82: Prague | J82: Eat | K82: 260 | L82: 320 | M82: =K82+L82 -> 580 | N82: 6.3 | O82: =IF(N82<=35,1,0.25)*M82/(N82+10)*IF(ISNUMBER(SEARCH("KD mismatch",U82)),0.25,1) -> 35.582822 | P82: =IF(N82<=10,"Quick win",IF(N82<=20,"Strong",IF(N82<=35,"Moderate","Stretch"))) -> Quick win | S82: Pillar: Prague hub; #25 Top 10 Places to Eat in Prague; #148 Top 10 Foods to Try in Prague | V82: Not started
A83: 82 | B83: Wave 1 | C83: Top 10 Bars in Tokyo | D83: best cocktail bars in tokyo | E83: Food & drink | F83: Bars & cocktail bars | G83: Tokyo | H83: Japan | I83: Tokyo | J83: Drink | K83: 320 | L83: 330 | M83: =K83+L83 -> 650 | N83: 8.3 | O83: =IF(N83<=35,1,0.25)*M83/(N83+10)*IF(ISNUMBER(SEARCH("KD mismatch",U83)),0.25,1) -> 35.519126 | P83: =IF(N83<=10,"Quick win",IF(N83<=20,"Strong",IF(N83<=35,"Moderate","Stretch"))) -> Quick win | Q83: best bars in tokyo | S83: Pillar: Tokyo hub; #3 Top 10 Day Trips from Tokyo; #146 Top 10 Cafes in Tokyo | T83: Related existing post (Tokyo): new angle, interlink both ways | V83: Not started
A84: 83 | B84: Wave 1 | C84: Top 10 Day Trips from Bath | D84: day trips from bath | E84: Place | F84: Day trips | G84: Bath | H84: England | I84: England | J84: Explore nearby | K84: 260 | L84: 320 | M84: =K84+L84 -> 580 | N84: 6.4 | O84: =IF(N84<=35,1,0.25)*M84/(N84+10)*IF(ISNUMBER(SEARCH("KD mismatch",U84)),0.25,1) -> 35.365854 | P84: =IF(N84<=10,"Quick win",IF(N84<=20,"Strong",IF(N84<=35,"Moderate","Stretch"))) -> Quick win | S84: Pillar: England hub; #53 Top 10 Day Trips from Oxford; #67 Top 10 Day Trips from Bristol | T84: Interlink with live UK posts (castles, historic places, weekend getaways) | V84: Not started
A85: 84 | B85: Wave 1 | C85: Top 10 Foods to Try in Rome | D85: what to eat in rome | E85: Food & drink | F85: What to eat | G85: Rome | H85: Italy | I85: Rome | J85: Eat | K85: 480 | L85: 170 | M85: =K85+L85 -> 650 | N85: 8.6 | O85: =IF(N85<=35,1,0.25)*M85/(N85+10)*IF(ISNUMBER(SEARCH("KD mismatch",U85)),0.25,1) -> 34.946237 | P85: =IF(N85<=10,"Quick win",IF(N85<=20,"Strong",IF(N85<=35,"Moderate","Stretch"))) -> Quick win | S85: Pillar: Rome hub; #97 Top 10 Places to Eat in Rome; #101 Top 10 Cafes in Rome | V85: Not started
A86: 85 | B86: Wave 1 | C86: Top 10 Day Trips from Venice | D86: day trips from venice | E86: Place | F86: Day trips | G86: Venice | H86: Italy | I86: Venice | J86: Explore nearby | K86: 210 | L86: 480 | M86: =K86+L86 -> 690 | N86: 10.1 | O86: =IF(N86<=35,1,0.25)*M86/(N86+10)*IF(ISNUMBER(SEARCH("KD mismatch",U86)),0.25,1) -> 34.328358 | P86: =IF(N86<=10,"Quick win",IF(N86<=20,"Strong",IF(N86<=35,"Moderate","Stretch"))) -> Strong | S86: Pillar: Venice hub; #55 Top 10 Gelato Shops in Venice; #64 Top 10 Places to Eat in Venice | V86: Not started
A87: 86 | B87: Wave 1 | C87: Top 10 Hidden Gems in Paris | D87: hidden gems in paris | E87: Place | F87: Hidden gems | G87: Paris | H87: France | I87: Paris | J87: See & do | K87: 590 | L87: 320 | M87: =K87+L87 -> 910 | N87: 16.9 | O87: =IF(N87<=35,1,0.25)*M87/(N87+10)*IF(ISNUMBER(SEARCH("KD mismatch",U87)),0.25,1) -> 33.828996 | P87: =IF(N87<=10,"Quick win",IF(N87<=20,"Strong",IF(N87<=35,"Moderate","Stretch"))) -> Strong | S87: Pillar: Paris hub; #24 Top 10 Day Trips from Paris; #36 Top 10 Foods to Try in Paris | U87: Recent volume spike, verify before prioritising | V87: Not started
A88: 87 | B88: Wave 1 | C88: Top 10 Bars in Edinburgh | D88: best bars in edinburgh | E88: Food & drink | F88: Bars & cocktail bars | G88: Edinburgh | H88: Scotland | I88: Edinburgh | J88: Drink | K88: 480 | L88: 80 | M88: =K88+L88 -> 560 | N88: 6.7 | O88: =IF(N88<=35,1,0.25)*M88/(N88+10)*IF(ISNUMBER(SEARCH("KD mismatch",U88)),0.25,1) -> 33.532934 | P88: =IF(N88<=10,"Quick win",IF(N88<=20,"Strong",IF(N88<=35,"Moderate","Stretch"))) -> Quick win | S88: Pillar: Edinburgh hub; #324 Top 10 Whisky Bars in Edinburgh; #337 Top 10 Pubs in Edinburgh | T88: Related existing post (Edinburgh): new angle, interlink both ways | V88: Not started
A89: 88 | B89: Wave 1 | C89: Top 10 Foods to Try in Amsterdam | D89: what to eat in amsterdam | E89: Food & drink | F89: What to eat | G89: Amsterdam | H89: Netherlands | I89: Amsterdam | J89: Eat | K89: 390 | L89: 260 | M89: =K89+L89 -> 650 | N89: 9.4 | O89: =IF(N89<=35,1,0.25)*M89/(N89+10)*IF(ISNUMBER(SEARCH("KD mismatch",U89)),0.25,1) -> 33.505155 | P89: =IF(N89<=10,"Quick win",IF(N89<=20,"Strong",IF(N89<=35,"Moderate","Stretch"))) -> Quick win | S89: Pillar: Amsterdam hub; #177 Top 10 Street Foods to Try in Amsterdam; #199 Top 10 Places to Eat in Amsterdam | T89: Related existing post (Amsterdam): new angle, interlink both ways | V89: Not started
A90: 89 | B90: Wave 1 | C90: Top 10 Day Trips from York | D90: day trips from york | E90: Place | F90: Day trips | G90: York | H90: England | I90: England | J90: Explore nearby | K90: 140 | L90: 480 | M90: =K90+L90 -> 620 | N90: 8.6 | O90: =IF(N90<=35,1,0.25)*M90/(N90+10)*IF(ISNUMBER(SEARCH("KD mismatch",U90)),0.25,1) -> 33.333333 | P90: =IF(N90<=10,"Quick win",IF(N90<=20,"Strong",IF(N90<=35,"Moderate","Stretch"))) -> Quick win | S90: Pillar: England hub; #53 Top 10 Day Trips from Oxford; #67 Top 10 Day Trips from Bristol | T90: Interlink with live UK posts (castles, historic places, weekend getaways) | V90: Not started
A91: 90 | B91: Wave 1 | C91: Top 10 Places to Eat in Istanbul | D91: best food in istanbul | E91: Food & drink | F91: Where to eat | G91: Istanbul | H91: Turkey | I91: Istanbul | J91: Eat | K91: 530 | L91: 380 | M91: =K91+L91 -> 910 | N91: 17.5 | O91: =IF(N91<=35,1,0.25)*M91/(N91+10)*IF(ISNUMBER(SEARCH("KD mismatch",U91)),0.25,1) -> 33.090909 | P91: =IF(N91<=10,"Quick win",IF(N91<=20,"Strong",IF(N91<=35,"Moderate","Stretch"))) -> Strong | Q91: best places to eat in istanbul; best restaurants in istanbul | S91: Pillar: Istanbul hub; #256 Top 10 Kebab Spots in Istanbul; #340 Top 10 Street Foods to Try in Istanbul | V91: Not started
A92: 91 | B92: Wave 1 | C92: Top 10 Day Trips from New York | D92: day trips from nyc | E92: Place | F92: Day trips | G92: New York | H92: USA | I92: New York | J92: Explore nearby | K92: 760 | L92: 0 | M92: =K92+L92 -> 760 | N92: 13 | O92: =IF(N92<=35,1,0.25)*M92/(N92+10)*IF(ISNUMBER(SEARCH("KD mismatch",U92)),0.25,1) -> 33.043478 | P92: =IF(N92<=10,"Quick win",IF(N92<=20,"Strong",IF(N92<=35,"Moderate","Stretch"))) -> Strong | S92: Pillar: New York hub; #69 Top 10 Bars in New York; #120 Top 10 Rooftop Bars in New York | T92: Related existing post (New York): new angle, interlink both ways | V92: Not started
A93: 92 | B93: Wave 1 | C93: Top 10 Bars in Lisbon | D93: best bars in lisbon | E93: Food & drink | F93: Bars & cocktail bars | G93: Lisbon | H93: Portugal | I93: Lisbon | J93: Drink | K93: 590 | L93: 0 | M93: =K93+L93 -> 590 | N93: 8 | O93: =IF(N93<=35,1,0.25)*M93/(N93+10)*IF(ISNUMBER(SEARCH("KD mismatch",U93)),0.25,1) -> 32.777778 | P93: =IF(N93<=10,"Quick win",IF(N93<=20,"Strong",IF(N93<=35,"Moderate","Stretch"))) -> Quick win | S93: Pillar: Lisbon hub; #154 Top 10 Rooftop Bars in Lisbon; #312 Top 10 Wine Bars in Lisbon | V93: Not started
A94: 93 | B94: Wave 1 | C94: Top 10 Day Trips from Prague | D94: day trips from prague | E94: Place | F94: Day trips | G94: Prague | H94: Czechia | I94: Prague | J94: Explore nearby | K94: 590 | L94: 0 | M94: =K94+L94 -> 590 | N94: 8 | O94: =IF(N94<=35,1,0.25)*M94/(N94+10)*IF(ISNUMBER(SEARCH("KD mismatch",U94)),0.25,1) -> 32.777778 | P94: =IF(N94<=10,"Quick win",IF(N94<=20,"Strong",IF(N94<=35,"Moderate","Stretch"))) -> Quick win | S94: Pillar: Prague hub; #10 Top 10 Pubs in Prague; #25 Top 10 Places to Eat in Prague | V94: Not started
A95: 94 | B95: Wave 1 | C95: Top 10 Day Trips from Montreal | D95: day trips from montreal | E95: Place | F95: Day trips | G95: Montreal | H95: Canada | I95: Canada | J95: Explore nearby | K95: 590 | L95: 0 | M95: =K95+L95 -> 590 | N95: 8 | O95: =IF(N95<=35,1,0.25)*M95/(N95+10)*IF(ISNUMBER(SEARCH("KD mismatch",U95)),0.25,1) -> 32.777778 | P95: =IF(N95<=10,"Quick win",IF(N95<=20,"Strong",IF(N95<=35,"Moderate","Stretch"))) -> Quick win | S95: Pillar: Canada hub; #165 Top 10 Day Trips from Toronto; #175 Top 10 Day Trips from Vancouver | V95: Not started
A96: 95 | B96: Wave 1 | C96: Top 10 Bars in Malaga | D96: best bars in malaga | E96: Food & drink | F96: Bars & cocktail bars | G96: Malaga | H96: Spain | I96: Spain | J96: Drink | K96: 0 | L96: 590 | M96: =K96+L96 -> 590 | N96: 8 | O96: =IF(N96<=35,1,0.25)*M96/(N96+10)*IF(ISNUMBER(SEARCH("KD mismatch",U96)),0.25,1) -> 32.777778 | P96: =IF(N96<=10,"Quick win",IF(N96<=20,"Strong",IF(N96<=35,"Moderate","Stretch"))) -> Quick win | S96: Pillar: Spain hub; #21 Top 10 Day Trips from Valencia; #32 Top 10 Places to Eat in Seville | U96: Recent volume spike, verify before prioritising | V96: Not started
A97: 96 | B97: Wave 1 | C97: Top 10 Day Trips from Split | D97: day trips from split | E97: Place | F97: Day trips | G97: Split | H97: Croatia | I97: Croatia | J97: Explore nearby | K97: 320 | L97: 390 | M97: =K97+L97 -> 710 | N97: 12 | O97: =IF(N97<=35,1,0.25)*M97/(N97+10)*IF(ISNUMBER(SEARCH("KD mismatch",U97)),0.25,1) -> 32.272727 | P97: =IF(N97<=10,"Quick win",IF(N97<=20,"Strong",IF(N97<=35,"Moderate","Stretch"))) -> Strong | S97: Pillar: Croatia hub; #51 Top 10 Islands in Croatia; #150 Top 10 Places to Visit in Croatia | V97: Not started
A98: 97 | B98: Wave 1 | C98: Top 10 Places to Eat in Rome | D98: best food in rome | E98: Food & drink | F98: Where to eat | G98: Rome | H98: Italy | I98: Rome | J98: Eat | K98: 0 | L98: 370 | M98: =K98+L98 -> 370 | N98: 1.5 | O98: =IF(N98<=35,1,0.25)*M98/(N98+10)*IF(ISNUMBER(SEARCH("KD mismatch",U98)),0.25,1) -> 32.173913 | P98: =IF(N98<=10,"Quick win",IF(N98<=20,"Strong",IF(N98<=35,"Moderate","Stretch"))) -> Quick win | Q98: best restaurants in rome | R98: best restaurants in rome (US 6600/KD70) | S98: Pillar: Rome hub; #84 Top 10 Foods to Try in Rome; #101 Top 10 Cafes in Rome | V98: Not started
A99: 98 | B99: Wave 1 | C99: Top 10 Beaches in Australia | D99: best beaches in australia | E99: Place | F99: Beaches | G99: Australia | H99: Australia | I99: Australia | J99: Beaches & islands | K99: 740 | L99: 0 | M99: =K99+L99 -> 740 | N99: 13 | O99: =IF(N99<=35,1,0.25)*M99/(N99+10)*IF(ISNUMBER(SEARCH("KD mismatch",U99)),0.25,1) -> 32.173913 | P99: =IF(N99<=10,"Quick win",IF(N99<=20,"Strong",IF(N99<=35,"Moderate","Stretch"))) -> Strong | S99: Pillar: Australia hub; #130 Top 10 Day Trips from Sydney; #202 Top 10 Day Trips from Melbourne | U99: Recent volume spike, verify before prioritising | V99: Not started
A100: 99 | B100: Wave 1 | C100: Top 10 Bars in Berlin | D100: best bars in berlin | E100: Food & drink | F100: Bars & cocktail bars | G100: Berlin | H100: Germany | I100: Berlin | J100: Drink | K100: 460 | L100: 110 | M100: =K100+L100 -> 570 | N100: 7.8 | O100: =IF(N100<=35,1,0.25)*M100/(N100+10)*IF(ISNUMBER(SEARCH("KD mismatch",U100)),0.25,1) -> 32.022472 | P100: =IF(N100<=10,"Quick win",IF(N100<=20,"Strong",IF(N100<=35,"Moderate","Stretch"))) -> Quick win | Q100: best cocktail bars in berlin | S100: Pillar: Berlin hub; #5 Top 10 Places to Eat in Berlin; #127 Top 10 Cafes in Berlin | V100: Not started
...

Sheet Pillar Keywords
A1: Keyword | B1: Market | C1: Volume | D1: KD
A2: nashville travel guide | B2: US | C2: 590 | D2: 13
A3: prague travel guide | B3: US | C3: 480 | D3: 36
A4: madrid travel guide | B4: US | C4: 480 | D4: 22
A5: budapest travel guide | B5: US | C5: 480 | D5: 0
A6: kyoto travel guide | B6: US | C6: 390 | D6: 34
A7: venice travel guide | B7: US | C7: 320 | D7: 27
A8: singapore travel guide | B8: US | C8: 320 | D8: 19
A9: berlin travel guide | B9: US | C9: 320 | D9: 22
A10: osaka travel guide | B10: US | C10: 260 | D10: 35
A11: florence travel guide | B11: US | C11: 260 | D11: 22
A12: dublin travel guide | B12: US | C12: 260 | D12: 33
A13: copenhagen travel guide | B13: US | C13: 260 | D13: 16
... A39: lisbon food guide | B39: US | C39: 20 | D39: 8

Sheet All Keywords
A1: Keyword | B1: Market | C1: Volume | D1: KD | E1: Topic type | F1: Place | G1: Category | H1: KD 35 or under | I1: Recent spike
A2: things to do in new orleans | B2: US | C2: 74000 | D2: 83 | E2: Things to do | F2: new orleans | G2: Place | H2: =IF(D2<=35,"Yes","No") -> No
A3: things to do in nashville | B3: US | C3: 74000 | D3: 98 | E3: Things to do | F3: nashville | G3: Place | H3: =IF(D3<=35,"Yes","No") -> No
A4: things to do in miami | B4: US | C4: 74000 | D4: 94 | E4: Things to do | F4: miami | G4: Place | H4: =IF(D4<=35,"Yes","No") -> No
A5: things to do in austin | B5: US | C5: 74000 | D5: 93 | E5: Things to do | F5: austin | G5: Place | H5: =IF(D5<=35,"Yes","No") -> No
A6: things to do in san francisco | B6: US | C6: 60500 | D6: 77 | E6: Things to do | F6: san francisco | G6: Place | H6: =IF(D6<=35,"Yes","No") -> No | I6: Yes
A7: things to do in charleston | B7: US | C7: 60500 | D7: 77 | E7: Things to do | F7: charleston | G7: Place | H7: =IF(D7<=35,"Yes","No") -> No
A8: best restaurants in new orleans | B8: US | C8: 40500 | D8: 66 | E8: Where to eat | F8: new orleans | G8: Food & drink | H8: =IF(D8<=35,"Yes","No") -> No
A9: best restaurants in savannah | B9: US | C9: 33100 | D9: 68 | E9: Where to eat | F9: savannah | G9: Food & drink | H9: =IF(D9<=35,"Yes","No") -> No | I9: Yes
A10: best restaurants in nashville | B10: US | C10: 33100 | D10: 79 | E10: Where to eat | F10: nashville | G10: Food & drink | H10: =IF(D10<=35,"Yes","No") -> No
A11: best restaurants in charleston | B11: US | C11: 33100 | D11: 76 | E11: Where to eat | F11: charleston | G11: Food & drink | H11: =IF(D11<=35,"Yes","No") -> No
A12: things to do in paris | B12: US | C12: 33100 | D12: 83 | E12: Things to do | F12: paris | G12: Place | H12: =IF(D12<=35,"Yes","No") -> No
A13: best restaurants in austin | B13: US | C13: 27800 | D13: 75 | E13: Where to eat | F13: austin | G13: Food & drink | H13: =IF(D13<=35,"Yes","No") -> No
A14: things to do in glasgow | B14: UK | C14: 27100 | D14: 79 | E14: Things to do | F14: glasgow | G14: Place | H14: =IF(D14<=35,"Yes","No") -> No
A15: best restaurants in san francisco | B15: US | C15: 22400 | D15: 92 | E15: Where to eat | F15: san francisco | G15: Food & drink | H15: =IF(D15<=35,"Yes","No") -> No | I15: Yes
A16: best beaches in florida | B16: US | C16: 22400 | D16: 93 | E16: Beaches | F16: florida | G16: Place | H16: =IF(D16<=35,"Yes","No") -> No
A17: things to do in rome | B17: US | C17: 20100 | D17: 79 | E17: Things to do | F17: rome | G17: Place | H17: =IF(D17<=35,"Yes","No") -> No
A18: things to do in osaka | B18: US | C18: 18100 | D18: 90 | E18: Things to do | F18: osaka | G18: Place | H18: =IF(D18<=35,"Yes","No") -> No
A19: things to do in lisbon | B19: US | C19: 18100 | D19: 91 | E19: Things to do | F19: lisbon | G19: Place | H19: =IF(D19<=35,"Yes","No") -> No
A20: things to do in kyoto | B20: US | C20: 18100 | D20: 66 | E20: Things to do | F20: kyoto | G20: Place | H20: =IF(D20<=35,"Yes","No") -> No
A21: things to do in florence | B21: US | C21: 18100 | D21: 71 | E21: Things to do | F21: florence | G21: Place | H21: =IF(D21<=35,"Yes","No") -> No
A22: things to do in paris | B22: UK | C22: 18100 | D22: 79 | E22: Things to do | F22: paris | G22: Place | H22: =IF(D22<=35,"Yes","No") -> No
A23: things to do in dublin | B23: UK | C23: 18100 | D23: 79 | E23: Things to do | F23: dublin | G23: Place | H23: =IF(D23<=35,"Yes","No") -> No
A24: best restaurants in london | B24: UK | C24: 14800 | D24: 81 | E24: Where to eat | F24: london | G24: Food & drink | H24: =IF(D24<=35,"Yes","No") -> No
A25: things to do in venice | B25: US | C25: 14800 | D25: 62 | E25: Things to do | F25: venice | G25: Place | H25: =IF(D25<=35,"Yes","No") -> No
A26: things to do in madrid | B26: US | C26: 14800 | D26: 74 | E26: Things to do | F26: madrid | G26: Place | H26: =IF(D26<=35,"Yes","No") -> No
A27: things to do in rome | B27: UK | C27: 14800 | D27: 70 | E27: Things to do | F27: rome | G27: Place | H27: =IF(D27<=35,"Yes","No") -> No
... A102: best places to eat in austin | B102: US | C102: 1500 | D102: 57 | E102: Where to eat | F102: austin | G102: Food & drink | H102: =IF(D102<=35,"Yes","No") -> No
A103: best bars in miami | B103: US | C103: 1500 | D103: 74 | E103: Bars & cocktail bars | F103: miami | G103: Food & drink | H103: =IF(D103<=35,"Yes","No") -> No | I103: Yes
A104: best bars in london | B104: UK | C104: 1500 | D104: 59 | E104: Bars & cocktail bars | F104: london | G104: Food & drink | H104: =IF(D104<=35,"Yes","No") -> No
A105: best beaches in hawaii | B105: US | C105: 1500 | D105: 63 | E105: Beaches | F105: hawaii | G105: Place | H105: =IF(D105<=35,"Yes","No") -> No
A106: weekend getaways from nyc | B106: US | C106: 1500 | D106: 69 | E106: Weekend getaways | F106: new york | G106: Place | H106: =IF(D106<=35,"Yes","No") -> No
A107: best beaches in spain | B107: US | C107: 1300 | D107: 64 | E107: Beaches | F107: spain | G107: Place | H107: =IF(D107<=35,"Yes","No") -> No
A108: day trips from boston | B108: US | C108: 1300 | D108: 60 | E108: Day trips | F108: boston | G108: Place | H108: =IF(D108<=35,"Yes","No") -> No
A109: best places to visit in scotland | B109: US | C109: 1300 | D109: 63 | E109: Places to visit | F109: scotland | G109: Place | H109: =IF(D109<=35,"Yes","No") -> No
A110: best restaurants in venice | B110: US | C110: 1100 | D110: 59 | E110: Where to eat | F110: venice | G110: Food & drink | H110: =IF(D110<=35,"Yes","No") -> No
A111: best restaurants in copenhagen | B111: US | C111: 1100 | D111: 61 | E111: Where to eat | F111: copenhagen | G111: Food & drink | H111: =IF(D111<=35,"Yes","No") -> No | I111: Yes
A112: things to do in hanoi | B112: US | C112: 1100 | D112: 67 | E112: Things to do | F112: hanoi | G112: Place | H112: =IF(D112<=35,"Yes","No") -> No
A113: things to do in dubrovnik | B113: US | C113: 1100 | D113: 55 | E113: Things to do | F113: dubrovnik | G113: Place | H113: =IF(D113<=35,"Yes","No") -> No
A114: best bbq in austin | B114: US | C114: 1100 | D114: 51 | E114: BBQ | F114: austin | G114: Food & drink | H114: =IF(D114<=35,"Yes","No") -> No
A115: day trips from seattle | B115: US | C115: 1000 | D115: 52 | E115: Day trips | F115: seattle | G115: Place | H115: =IF(D115<=35,"Yes","No") -> No
A116: best food in nashville | B116: US | C116: 990 | D116: 14 | E116: Where to eat | F116: nashville | G116: Food & drink | H116: =IF(D116<=35,"Yes","No") -> Yes
A117: day trips from las vegas | B117: US | C117: 990 | D117: 17 | E117: Day trips | F117: las vegas | G117: Place | H117: =IF(D117<=35,"Yes","No") -> Yes
A118: best restaurants in hilton head | B118: US | C118: 990 | D118: 15 | E118: Where to eat | F118: hilton head | G118: Food & drink | H118: =IF(D118<=35,"Yes","No") -> Yes
A119: best beaches in europe | B119: UK | C119: 920 | D119: 5 | E119: Beaches | F119: europe | G119: Place | H119: =IF(D119<=35,"Yes","No") -> Yes
A120: best restaurant in savannah ga | B120: US | C120: 920 | D120: 20 | E120: Where to eat | F120: savannah | G120: Food & drink | H120: =IF(D120<=35,"Yes","No") -> Yes
A121: day trips from tokyo | B121: US | C121: 880 | D121: 5 | E121: Day trips | F121: tokyo | G121: Place | H121: =IF(D121<=35,"Yes","No") -> Yes
A122: day trips from edinburgh | B122: UK | C122: 880 | D122: 6 | E122: Day trips | F122: edinburgh | G122: Place | H122: =IF(D122<=35,"Yes","No") -> Yes
A123: day trip from barcelona | B123: US | C123: 880 | D123: 12 | E123: Day trips | F123: barcelona | G123: Place | H123: =IF(D123<=35,"Yes","No") -> Yes
... A130: day trips from edinburgh | B130: US | C130: 740 | D130: 6 | E130: Day trips | F130: edinburgh | G130: Place | H130: =IF(D130<=35,"Yes","No") -> Yes
A131: best beaches in australia | B131: US | C131: 740 | D131: 13 | E131: Beaches | F131: australia | G131: Place | H131: =IF(D131<=35,"Yes","No") -> Yes | I131: Yes
A132: things to do in nashville | B132: UK | C132: 740 | D132: 19 | E132: Things to do | F132: nashville | G132: Place | H132: =IF(D132<=35,"Yes","No") -> Yes
A133: best day trips from paris | B133: US | C133: 740 | D133: 5 | E133: Day trips | F133: paris | G133: Place | H133: =IF(D133<=35,"Yes","No") -> Yes
A134: day trip from tokyo | B134: US | C134: 720 | D134: 7 | E134: Day trips | F134: tokyo | G134: Place | H134: =IF(D134<=35,"Yes","No") -> Yes
A135: best restaurants in myrtle beach | B135: US | C135: 720 | D135: 22 | E135: Where to eat | F135: myrtle beach | G135: Food & drink | H135: =IF(D135<=35,"Yes","No") -> Yes
A136: best restaurants in liverpool | B136: UK | C136: 720 | D136: 15 | E136: Where to eat | F136: liverpool | G136: Food & drink | H136: =IF(D136<=35,"Yes","No") -> Yes
A137: best christmas markets in uk | B137: UK | C137: 720 | D137: 5 | E137: Christmas markets | F137: uk | G137: Place | H137: =IF(D137<=35,"Yes","No") -> Yes
A138: day trips from osaka | B138: US | C138: 660 | D138: 6 | E138: Day trips | F138: osaka | G138: Place | H138: =IF(D138<=35,"Yes","No") -> Yes | I138: Yes
A139: things to do in kyoto | B139: UK | C139: 660 | D139: 16 | E139: Things to do | F139: kyoto | G139: Place | H139: =IF(D139<=35,"Yes","No") -> Yes
A140: best places to eat in chicago | B140: US | C140: 610 | D140: 12 | E140: Where to eat | F140: chicago | G140: Food & drink | H140: =IF(D140<=35,"Yes","No") -> Yes
A141: best places to eat in barcelona | B141: US | C141: 590 | D141: 14 | E141: Where to eat | F141: barcelona | G141: Food & drink | H141: =IF(D141<=35,"Yes","No") -> Yes | I141: Yes
A142: best food in singapore | B142: US | C142: 590 | D142: 6 | E142: Where to eat | F142: singapore | G142: Food & drink | H142: =IF(D142<=35,"Yes","No") -> Yes | I142: Yes
A143: best food in osaka | B143: US | C143: 590 | D143: 6 | E143: Where to eat | F143: osaka | G143: Food & drink | H143: =IF(D143<=35,"Yes","No") -> Yes
A144: best food in kyoto | B144: US | C144: 590 | D144: 11 | E144: Where to eat | F144: kyoto | G144: Food & drink | H144: =IF(D144<=35,"Yes","No") -> Yes | I144: Yes
A145: best cafes in venice | B145: US | C145: 590 | D145: 6 | E145: Cafes | F145: venice | G145: Food & drink | H145: =IF(D145<=35,"Yes","No") -> Yes | I145: Yes
A146: best cafes in nashville | B146: US | C146: 590 | D146: 6 | E146: Cafes | F146: nashville | G146: Food & drink | H146: =IF(D146<=35,"Yes","No") -> Yes | I146: Yes
A147: best brunch in london | B147: US | C147: 590 | D147: 12 | E147: Brunch | F147: london | G147: Food & drink | H147: =IF(D147<=35,"Yes","No") -> Yes | I147: Yes
A148: best brunch in chicago | B148: US | C148: 590 | D148: 6 | E148: Brunch | F148: chicago | G148: Food & drink | H148: =IF(D148<=35,"Yes","No") -> Yes
A149: best bars in rome | B149: US | C149: 590 | D149: 9 | E149: Bars & cocktail bars | F149: rome | G149: Food & drink | H149: =IF(D149<=35,"Yes","No") -> Yes | I149: Yes
A150: best bars in madrid | B150: US | C150: 590 | D150: 10 | E150: Bars & cocktail bars | F150: madrid | G150: Food & drink | H150: =IF(D150<=35,"Yes","No") -> Yes | I150: Yes
A151: best bars in lisbon | B151: US | C151: 590 | D151: 8 | E151: Bars & cocktail bars | F151: lisbon | G151: Food & drink | H151: =IF(D151<=35,"Yes","No") -> Yes
A152: best rooftop bars in new york | B152: UK | C152: 590 | D152: 12 | E152: Rooftop bars | F152: new york | G152: Food & drink | H152: =IF(D152<=35,"Yes","No") -> Yes | I152: Yes
A153: best restaurants in miami | B153: UK | C153: 590 | D153: 34 | E153: Where to eat | F153: miami | G153: Food & drink | H153: =IF(D153<=35,"Yes","No") -> Yes | I153: Yes
A154: best places to eat in berlin | B154: UK | C154: 590 | D154: 0 | E154: Where to eat | F154: berlin | G154: Food & drink | H154: =IF(D154<=35,"Yes","No") -> Yes | I154: Yes
A155: best cafes in copenhagen | B155: UK | C155: 590 | D155: 5 | E155: Cafes | F155: copenhagen | G155: Food & drink | H155: =IF(D155<=35,"Yes","No") -> Yes | I155: Yes
A156: best brunch in dublin | B156: UK | C156: 590 | D156: 6 | E156: Brunch | F156: dublin | G156: Food & drink | H156: =IF(D156<=35,"Yes","No") -> Yes | I156: Yes
A157: best bars in rome | B157: UK | C157: 590 | D157: 6 | E157: Bars & cocktail bars | F157: rome | G157: Food & drink | H157: =IF(D157<=35,"Yes","No") -> Yes | I157: Yes
A158: best bars in madrid | B158: UK | C158: 590 | D158: 14 | E158: Bars & cocktail bars | F158: madrid | G158: Food & drink | H158: =IF(D158<=35,"Yes","No") -> Yes | I158: Yes
A159: best bars in copenhagen | B159: UK | C159: 590 | D159: 5 | E159: Bars & cocktail bars | F159: copenhagen | G159: Food & drink | H159: =IF(D159<=35,"Yes","No") -> Yes | I159: Yes
A160: hidden gems in paris | B160: US | C160: 590 | D160: 18 | E160: Hidden gems | F160: paris | G160: Place | H160: =IF(D160<=35,"Yes","No") -> Yes | I160: Yes
A161: day trips from prague | B161: US | C161: 590 | D161: 8 | E161: Day trips | F161: prague | G161: Place | H161: =IF(D161<=35,"Yes","No") -> Yes
A162: day trips from athens | B162: US | C162: 590 | D162: 6 | E162: Day trips | F162: athens | G162: Place | H162: =IF(D162<=35,"Yes","No") -> Yes
A163: best beaches in malaysia | B163: US | C163: 590 | D163: 27 | E163: Beaches | F163: malaysia | G163: Place | H163: =IF(D163<=35,"Yes","No") -> Yes | I163: Yes
A164: best beaches in greece | B164: US | C164: 590 | D164: 33 | E164: Beaches | F164: greece | G164: Place | H164: =IF(D164<=35,"Yes","No") -> Yes
A165: day trips from madrid | B165: UK | C165: 590 | D165: 6 | E165: Day trips | F165: madrid | G165: Place | H165: =IF(D165<=35,"Yes","No") -> Yes
A166: day trips from krakow | B166: UK | C166: 590 | D166: 4 | E166: Day trips | F166: krakow | G166: Place | H166: =IF(D166<=35,"Yes","No") -> Yes
A167: day trips from copenhagen | B167: UK | C167: 590 | D167: 5 | E167: Day trips | F167: copenhagen | G167: Place | H167: =IF(D167<=35,"Yes","No") -> Yes | I167: Yes
A168: best beaches in mexico | B168: UK | C168: 590 | D168: 20 | E168: Beaches | F168: mexico | G168: Place | H168: =IF(D168<=35,"Yes","No") -> Yes | I168: Yes
A169: best beaches in ireland | B169: UK | C169: 590 | D169: 12 | E169: Beaches | F169: ireland | G169: Place | H169: =IF(D169<=35,"Yes","No") -> Yes | I169: Yes
A170: best beaches in dubrovnik | B170: UK | C170: 590 | D170: 7 | E170: Beaches | F170: dubrovnik | G170: Place | H170: =IF(D170<=35,"Yes","No") -> Yes | I170: Yes
A171: best bars in honolulu | B171: US | C171: 590 | D171: 10 | E171: Bars & cocktail bars | F171: honolulu | G171: Food & drink | H171: =IF(D171<=35,"Yes","No") -> Yes
A172: best bars in breckenridge | B172: US | C172: 590 | D172: 15 | E172: Bars & cocktail bars | F172: breckenridge | G172: Food & drink | H172: =IF(D172<=35,"Yes","No") -> Yes
A173: best bars in vancouver | B173: US | C173: 590 | D173: 11 | E173: Bars & cocktail bars | F173: vancouver | G173: Food & drink | H173: =IF(D173<=35,"Yes","No") -> Yes
A174: best bars in cambridge uk | B174: US | C174: 590 | D174: 11 | E174: Bars & cocktail bars | F174: cambridge | G174: Food & drink | H174: =IF(D174<=35,"Yes","No") -> Yes
A175: best bars in greenville sc | B175: US | C175: 590 | D175: 10 | E175: Bars & cocktail bars | F175: greenville sc | G175: Food & drink | H175: =IF(D175<=35,"Yes","No") -> Yes
A176: best bars in hilton head sc | B176: US | C176: 590 | D176: 13 | E176: Bars & cocktail bars | F176: hilton head | G176: Food & drink | H176: =IF(D176<=35,"Yes","No") -> Yes
A177: best bars in birmingham al | B177: US | C177: 590 | D177: 10 | E177: Bars & cocktail bars | F177: birmingham al | G177: Food & drink | H177: =IF(D177<=35,"Yes","No") -> Yes
A178: best bars in boulder | B178: US | C178: 590 | D178: 23 | E178: Bars & cocktail bars | F178: boulder | G178: Food & drink | H178: =IF(D178<=35,"Yes","No") -> Yes
A179: best dive bars in austin | B179: US | C179: 590 | D179: 9 | E179: ? | F179: ? | G179: ? | H179: =IF(D179<=35,"Yes","No") -> Yes
A180: best dive bars in las vegas | B180: US | C180: 590 | D180: 8 | E180: ? | F180: ? | G180: ? | H180: =IF(D180<=35,"Yes","No") -> Yes
...

Sheet Excluded
A1: Keyword | B1: Market | C1: Volume | D1: KD | E1: Reason removed
A2: best restaurants in chicago | B2: US | C2: 12100 | D2: 84 | E2: Duplicate: existing Chicago restaurants / pizza post
A3: best food in chicago | B3: US | C3: 3100 | D3: 62 | E3: Duplicate: existing Chicago restaurants / pizza post
A4: best places to eat in chicago | B4: US | C4: 610 | D4: 12 | E4: Duplicate: existing Chicago restaurants / pizza post
A5: best bars in greenville sc | B5: US | C5: 590 | D5: 10 | E5: Local/resident search, not a travel listicle
A6: best bars in birmingham al | B6: US | C6: 590 | D6: 10 | E6: Local/resident search, not a travel listicle
A7: best bars in boulder | B7: US | C7: 590 | D7: 23 | E7: Local/resident search, not a travel listicle
A8: best wine bars in los angeles | B8: US | C8: 590 | D8: 12 | E8: Point-to-point route or local search, not a listicle
A9: best rooftop bars in dallas | B9: US | C9: 590 | D9: 14 | E9: Local/resident search, not a travel listicle
A10: best rooftop bars in san diego | B10: US | C10: 590 | D10: 16 | E10: Local/resident search, not a travel listicle
A11: day trips from tampa | B11: US | C11: 590 | D11: 6 | E11: Local/resident search, not a travel listicle
A12: day trips from cincinnati ohio | B12: US | C12: 590 | D12: 6 | E12: Local/resident search, not a travel listicle
A13: day trip from osaka to kyoto | B13: US | C13: 590 | D13: 7 | E13: Point-to-point route or local search, not a listicle
... A25: day trips from orlando | B25: US | C25: 20 | D25: 9 | E25: Local/resident search, not a travel listicle
